"category","project","external_id","name","kind","status","reference_xyz","tp_command","reference_type","derived","geometry_type","geometry_extent","parent","database_id"
"Surface builds","Mainstreet America","P01-BIKE-CORRAL","Arrival bicycle corral","custom","complete","-74, 65, 179","/tp @s -74 65 179","derived bounds center","true","bounds","x[-76…-73] y[64…66] z[177…181]","Visitor parking and Arrival Gardens","wft_5a42ed8ccbc1c191"
"Surface builds","Mainstreet America","GRID-E2-KITCHEN","Clubhouse kitchen","room","complete","114, 85, -18","/tp @s 114 85 -18","derived bounds center","true","bounds","x[107…120] y[81…89] z[-31…-5]","Neighborhood Clubhouse","wft_ccce5fcef2af04fb"
"Surface builds","Mainstreet America","GRID-E2-READING-ROOM","Clubhouse reading room","room","complete","114, 85, 3","/tp @s 114 85 3","derived bounds center","true","bounds","x[107…120] y[81…89] z[-3…9]","Neighborhood Clubhouse","wft_40325447b30c05de"
"Surface builds","Mainstreet America","GRID-W2-DESIGN-LOFT","Collaborative design loft","room","complete","-114, 77, -38","/tp @s -114 77 -38","derived bounds center","true","bounds","x[-130…-98] y[74…80] z[-50…-27]","Design Lab and Maker Commons building","wft_60397cdc4c11312a"
"Surface builds","Mainstreet America","GRID-W2-MAKER-YARD","Covered maker yard","landscape","complete","-124, 71, -7","/tp @s -124 71 -7","derived bounds center","true","bounds","x[-130…-118] y[67…74] z[-16…1]","Design Lab and Maker Commons building","wft_44440ee0a3bcb0b3"
"Surface builds","Mainstreet America","GRID-W2-BUILDING","Design Lab and Maker Commons building","building","complete","-114, 72, -24","/tp @s -114 72 -24","derived bounds center","true","bounds","x[-132…-96] y[63…81] z[-52…4]","Design Lab and Maker Commons","wft_7620e482af763214"
"Surface builds","Mainstreet America","C05","East Brick Courtyard Home","building","complete","70, 70, -70","/tp @s 70 70 -70","derived bounds center","true","bounds","x[62…78] y[64…75] z[-79…-61]","","wft_820c73121ea89764"
"Surface builds","Mainstreet America","P01-GARDEN-EAST","East formal Arrival Garden","landscape","complete","12, 68, 200","/tp @s 12 68 200","derived bounds center","true","bounds","x[6…18] y[64…72] z[181…218]","Visitor parking and Arrival Gardens","wft_ba2be6e86d6e08a2"
"Surface builds","Mainstreet America","C03","East Garden Villa","building","complete","70, 70, 30","/tp @s 70 70 30","derived bounds center","true","bounds","x[62…78] y[64…75] z[21…39]","","wft_93b4b02f8eefe133"
"Surface builds","Mainstreet America","P01-CANOPY-EAST","east solar ev canopy","building","complete","68, 68, 261","/tp @s 68 68 261","derived bounds center","true","bounds","x[52…84] y[65…71] z[256…266]","Visitor parking and Arrival Gardens","wft_b7a62ab464dc0173"
"Surface builds","Mainstreet America","C07","East Timber Lodge","building","complete","70, 70, -170","/tp @s 70 70 -170","derived bounds center","true","bounds","x[62…78] y[64…75] z[-179…-161]","","wft_870e290006617392"
"Surface builds","Mainstreet America","L02","Entrance monument billboard","landmark","complete","95, 72, 272","/tp @s 95 72 272","exact catalog point","false","point","x[95] y[72] z[272]","Arrival and Visitor Campus","wft_73304783ef6a0b93"
"Surface builds","Mainstreet America","B01","Guest & Design Center","building","complete","0, 72, 128","/tp @s 0 72 128","derived bounds center","true","bounds","x[-72…72] y[63…80] z[90…165]","Arrival and Visitor Campus","wft_c95d5ccedf49cb25"
"Surface builds","Mainstreet America","GRID-W2-MAKER-HALL","Maker hall and fabrication bay","room","complete","-122, 71, -23","/tp @s -122 71 -23","derived bounds center","true","bounds","x[-130…-115] y[68…73] z[-49…2]","Design Lab and Maker Commons building","wft_8fda1c020bf1a054"
"Surface builds","Mainstreet America","GRID-W2-MATERIAL-LIBRARY","Material library","room","complete","-105, 71, -39","/tp @s -105 71 -39","derived bounds center","true","bounds","x[-113…-97] y[68…73] z[-51…-28]","Design Lab and Maker Commons building","wft_7a3f651b521cd4f5"
"Surface builds","Mainstreet America","P01-DISCOVERY-COURT","Mountain Discovery Court","landmark","complete","91, 67, 196","/tp @s 91 67 196","derived bounds center","true","bounds","x[87…95] y[64…70] z[183…209]","Visitor parking and Arrival Gardens","wft_9b0606944194cb41"
"Surface builds","Mainstreet America","GRID-E2-BUILDING","Neighborhood Clubhouse","building","complete","120, 80, -8","/tp @s 120 80 -8","derived bounds center","true","bounds","x[105…135] y[70…90] z[-33…16]","Neighborhood Clubhouse and Walled Garden","wft_a760cbd43c16581c"
"Surface builds","Mainstreet America","GRID-E2-GREAT-ROOM","Neighborhood great room","room","complete","120, 85, 3","/tp @s 120 85 3","derived bounds center","true","bounds","x[107…133] y[81…89] z[-3…9]","Neighborhood Clubhouse","wft_211e9fb94af35a03"
"Surface builds","Mainstreet America","L01","Rear detention pond","landscape","complete","190, ~, -250","/tp @s 190 ~ -250","derived bounds center","true","bounds","x[168…212] y[50…90] z[-272…-228]","Detention Pond and Ecology Walk","wft_1fce4a39e26be67e"
"Surface builds","Mainstreet America","B02","Retail & Cooking School","building","complete","-110, 68, -95","/tp @s -110 68 -95","derived bounds center","true","bounds","x[-133…-88] y[63…72] z[-118…-73]","Culinary Pavilion","wft_d5f112a0125aab51"
"Surface builds","Mainstreet America","B03","Service Warehouse","building","complete","0, 68, -255","/tp @s 0 68 -255","derived bounds center","true","bounds","x[-24…23] y[63…73] z[-278…-232]","Service and Warehouse Compound","wft_e4052b90251b7e57"
"Surface builds","Mainstreet America","P01-SOUTH-ARCH-276","South-arrival arch at z276","landmark","complete","0, 71, 276","/tp @s 0 71 276","derived bounds center","true","bounds","x[-10…10] y[68…73] z[276]","Visitor parking and Arrival Gardens","wft_d15f241968ed1c2c"
"Surface builds","Mainstreet America","P01-SOUTH-ARCH-288","South-arrival arch at z288","landmark","complete","0, 75, 288","/tp @s 0 75 288","derived bounds center","true","bounds","x[-10…10] y[72…77] z[288]","Visitor parking and Arrival Gardens","wft_f725265b40f54f6f"
"Surface builds","Mainstreet America","P01-SOUTH-ARCH-300","South-arrival arch at z300","landmark","complete","0, 80, 300","/tp @s 0 80 300","derived bounds center","true","bounds","x[-10…10] y[77…82] z[300]","Visitor parking and Arrival Gardens","wft_5bffdb6599f152c9"
"Surface builds","Mainstreet America","P01-GARDEN-SOUTH-ARRIVAL","South-arrival flowering retaining gardens","landscape","complete","0, 77, 284","/tp @s 0 77 284","derived bounds center","true","bounds","x[-11…11] y[65…88] z[268…300]","Visitor parking and Arrival Gardens","wft_79949d35dc7a0df5"
"Surface builds","Mainstreet America","P01-GARDEN-RAIN-SOUTHEAST","Southeast rain garden","landscape","complete","110, 65, 243","/tp @s 110 65 243","derived bounds center","true","bounds","x[100…119] y[64…65] z[240…245]","Visitor parking and Arrival Gardens","wft_f8d589582937add9"
"Surface builds","Mainstreet America","GRID-E2-WALLED-GARDEN","Terraced walled garden rooms","landscape","complete","97, 83, -21","/tp @s 97 83 -21","derived bounds center","true","bounds","x[88…106] y[80…85] z[-45…2]","Neighborhood Clubhouse","wft_0693a75ed223dccb"
"Surface builds","Mainstreet America","H01","The Alexandria","building","complete","-34, 76, 55","/tp @s -34 76 55","derived bounds center","true","bounds","x[-46…-23] y[63…88] z[44…65]","West South Homes","wft_58ed611668863441"
"Surface builds","Mainstreet America","ROOM:H01:formal_dining","The Alexandria — formal dining","room","complete","-40, 67, 61","/tp @s -40 67 61","derived bounds center","true","bounds","x[-45…-35] y[65…68] z[58…64]","The Alexandria","wft_50d0c08ef47888d0"
"Surface builds","Mainstreet America","ROOM:H01:formal_living","The Alexandria — formal living","room","complete","-40, 67, 49","/tp @s -40 67 49","derived bounds center","true","bounds","x[-45…-35] y[65…68] z[45…52]","The Alexandria","wft_cc247b4bb82b4949"
"Surface builds","Mainstreet America","ROOM:H01:grand_foyer","The Alexandria — grand foyer","room","complete","-29, 67, 55","/tp @s -29 67 55","derived bounds center","true","bounds","x[-34…-24] y[65…68] z[53…57]","The Alexandria","wft_5377e4a4896a59e0"
"Surface builds","Mainstreet America","ROOM:H01:kitchen_breakfast","The Alexandria — kitchen breakfast","room","complete","-28, 67, 49","/tp @s -28 67 49","derived bounds center","true","bounds","x[-33…-24] y[65…68] z[45…52]","The Alexandria","wft_dab0b0d86dc640a4"
"Surface builds","Mainstreet America","ROOM:H01:library","The Alexandria — library","room","complete","-40, 72, 50","/tp @s -40 72 50","derived bounds center","true","bounds","x[-45…-35] y[70…73] z[45…55]","The Alexandria","wft_2c453f61d1478866"
"Surface builds","Mainstreet America","ROOM:H01:media_bonus","The Alexandria — media bonus","room","complete","-34, 77, 55","/tp @s -34 77 55","derived bounds center","true","bounds","x[-45…-24] y[75…78] z[45…64]","The Alexandria","wft_f1e3cf996c91a945"
"Surface builds","Mainstreet America","ROOM:H01:primary_suite","The Alexandria — primary suite","room","complete","-29, 72, 55","/tp @s -29 72 55","derived bounds center","true","bounds","x[-34…-24] y[70…73] z[45…64]","The Alexandria","wft_2f00247ed70013d2"
"Surface builds","Mainstreet America","H03","The Ashby Manor","building","complete","-34, ~, -45","/tp @s -34 ~ -45","derived bounds center","true","bounds","x[-46…-23] y[63…96] z[-56…-34]","West Middle Homes","wft_81bbc36aa0d3a665"
"Surface builds","Mainstreet America","ROOM:H03:great_hall","The Ashby Manor — great hall","room","complete","-39, 67, -49","/tp @s -39 67 -49","derived bounds center","true","bounds","x[-45…-33] y[65…68] z[-55…-43]","The Ashby Manor","wft_ca20c419e9cb487b"
"Surface builds","Mainstreet America","ROOM:H03:guest_gallery","The Ashby Manor — guest gallery","room","complete","-29, 72, -45","/tp @s -29 72 -45","derived bounds center","true","bounds","x[-34…-24] y[70…73] z[-55…-35]","The Ashby Manor","wft_bce90db237846e86"
"Surface builds","Mainstreet America","ROOM:H03:kitchen_scullery","The Ashby Manor — kitchen scullery","room","complete","-28, 67, -52","/tp @s -28 67 -52","derived bounds center","true","bounds","x[-32…-24] y[65…68] z[-55…-49]","The Ashby Manor","wft_0c7474ca1db11260"
"Surface builds","Mainstreet America","ROOM:H03:library","The Ashby Manor — library","room","complete","-40, 67, -38","/tp @s -40 67 -38","derived bounds center","true","bounds","x[-45…-36] y[65…68] z[-42…-35]","The Ashby Manor","wft_85469dc78e457115"
"Surface builds","Mainstreet America","ROOM:H03:primary_suite","The Ashby Manor — primary suite","room","complete","-40, 72, -45","/tp @s -40 72 -45","derived bounds center","true","bounds","x[-45…-35] y[70…73] z[-55…-35]","The Ashby Manor","wft_0b402c7a87e7e8f7"
"Surface builds","Mainstreet America","ROOM:H03:stone_entry","The Ashby Manor — stone entry","room","complete","-28, 67, -45","/tp @s -28 67 -45","derived bounds center","true","bounds","x[-32…-24] y[65…68] z[-48…-43]","The Ashby Manor","wft_1d784f3d84342c0b"
"Surface builds","Mainstreet America","H08","The Calais","building","complete","32, ~, 5","/tp @s 32 ~ 5","derived bounds center","true","bounds","x[20…43] y[63…96] z[-5…15]","East Middle Homes","wft_7c0b60e5b0bee250"
"Surface builds","Mainstreet America","ROOM:H08:dining","The Calais — dining","room","complete","27, 67, 12","/tp @s 27 67 12","derived bounds center","true","bounds","x[21…32] y[65…68] z[9…14]","The Calais","wft_2972408c28fb6916"
"Surface builds","Mainstreet America","ROOM:H08:guest_suite","The Calais — guest suite","room","complete","38, 72, 5","/tp @s 38 72 5","derived bounds center","true","bounds","x[33…42] y[70…73] z[-4…14]","The Calais","wft_b44654c274963b56"
"Surface builds","Mainstreet America","ROOM:H08:kitchen","The Calais — kitchen","room","complete","38, 67, 12","/tp @s 38 67 12","derived bounds center","true","bounds","x[33…42] y[65…68] z[9…14]","The Calais","wft_db321a8a6563b880"
"Surface builds","Mainstreet America","ROOM:H08:primary_suite","The Calais — primary suite","room","complete","27, 72, 5","/tp @s 27 72 5","derived bounds center","true","bounds","x[21…32] y[70…73] z[-4…14]","The Calais","wft_58250bebb0f59c80"
"Surface builds","Mainstreet America","ROOM:H08:salon","The Calais — salon","room","complete","36, 67, 2","/tp @s 36 67 2","derived bounds center","true","bounds","x[29…42] y[65…68] z[-4…8]","The Calais","wft_fce858aef37020e5"
"Surface builds","Mainstreet America","ROOM:H08:vestibule","The Calais — vestibule","room","complete","25, 67, 6","/tp @s 25 67 6","derived bounds center","true","bounds","x[21…28] y[65…68] z[3…8]","The Calais","wft_2c8cdaa324beb1f7"
"Surface builds","Mainstreet America","H02","The Cape Pointe","building","complete","-34, 74, 5","/tp @s -34 74 5","derived bounds center","true","bounds","x[-41…-27] y[63…84] z[-2…12]","West Middle Homes","wft_cc90ce8181c775b7"
"Surface builds","Mainstreet America","ROOM:H02:entry_porch","The Cape Pointe — entry porch","room","complete","-29, 67, 5","/tp @s -29 67 5","derived bounds center","true","bounds","x[-31…-28] y[65…68] z[3…7]","The Cape Pointe","wft_eaacf8ca4191dbe6"
"Surface builds","Mainstreet America","ROOM:H02:great_room","The Cape Pointe — great room","room","complete","-36, 67, 8","/tp @s -36 67 8","derived bounds center","true","bounds","x[-40…-32] y[65…68] z[4…11]","The Cape Pointe","wft_80722a5eefca8ac8"
"Surface builds","Mainstreet America","ROOM:H02:guest_bedroom","The Cape Pointe — guest bedroom","room","complete","-29, 67, 10","/tp @s -29 67 10","derived bounds center","true","bounds","x[-31…-28] y[65…68] z[8…11]","The Cape Pointe","wft_a7c4e2544f030f8e"
"Surface builds","Mainstreet America","ROOM:H02:kitchen_dining","The Cape Pointe — kitchen dining","room","complete","-36, 67, 1","/tp @s -36 67 1","derived bounds center","true","bounds","x[-40…-32] y[65…68] z[-1…3]","The Cape Pointe","wft_b549f8560230e35e"
"Surface builds","Mainstreet America","ROOM:H02:primary_loft","The Cape Pointe — primary loft","room","complete","-34, 72, 5","/tp @s -34 72 5","derived bounds center","true","bounds","x[-40…-28] y[70…73] z[-1…11]","The Cape Pointe","wft_ec1355ae737bd281"
"Surface builds","Mainstreet America","H09","The Casa Lana","building","complete","32, 69, -45","/tp @s 32 69 -45","derived bounds center","true","bounds","x[18…46] y[63…74] z[-59…-31]","East Middle Homes","wft_964390a4063688ba"
"Surface builds","Mainstreet America","ROOM:H09:central_sala","The Casa Lana — central sala","room","complete","32, 67, -45","/tp @s 32 67 -45","derived bounds center","true","bounds","x[26…37] y[65…68] z[-52…-38]","The Casa Lana","wft_ba6f7f127e3f8f3e"
"Surface builds","Mainstreet America","ROOM:H09:guest_wing","The Casa Lana — guest wing","room","complete","32, 67, -34","/tp @s 32 67 -34","derived bounds center","true","bounds","x[19…45] y[65…68] z[-37…-32]","The Casa Lana","wft_d8179aaf206f9f55"
"Surface builds","Mainstreet America","ROOM:H09:kitchen_dining","The Casa Lana — kitchen dining","room","complete","42, 67, -51","/tp @s 42 67 -51","derived bounds center","true","bounds","x[38…45] y[65…68] z[-58…-45]","The Casa Lana","wft_b94c9d56cbee0642"
"Surface builds","Mainstreet America","ROOM:H09:primary_suite","The Casa Lana — primary suite","room","complete","25, 67, -55","/tp @s 25 67 -55","derived bounds center","true","bounds","x[19…31] y[65…68] z[-58…-53]","The Casa Lana","wft_fed7ccd1190ad812"
"Surface builds","Mainstreet America","ROOM:H09:zaguan_entry","The Casa Lana — zaguan entry","room","complete","22, 67, -45","/tp @s 22 67 -45","derived bounds center","true","bounds","x[19…25] y[65…68] z[-49…-41]","The Casa Lana","wft_99b79f2011dd20c6"
"Surface builds","Mainstreet America","H04","The Centennial","building","complete","-34, ~, -95","/tp @s -34 ~ -95","derived bounds center","true","bounds","x[-43…-25] y[63…96] z[-104…-86]","West North Homes","wft_a47b3a39d6df06b5"
"Surface builds","Mainstreet America","ROOM:H04:covered_entry","The Centennial — covered entry","room","complete","-28, 67, -95","/tp @s -28 67 -95","derived bounds center","true","bounds","x[-30…-26] y[65…68] z[-98…-92]","The Centennial","wft_2f9c8d682fab3aad"
"Surface builds","Mainstreet America","ROOM:H04:kitchen_dining","The Centennial — kitchen dining","room","complete","-37, 67, -90","/tp @s -37 67 -90","derived bounds center","true","bounds","x[-42…-32] y[65…68] z[-93…-87]","The Centennial","wft_303414a49229395c"
"Surface builds","Mainstreet America","ROOM:H04:living_hearth","The Centennial — living hearth","room","complete","-37, 67, -98","/tp @s -37 67 -98","derived bounds center","true","bounds","x[-42…-32] y[65…68] z[-103…-94]","The Centennial","wft_535f4b84549ad6cd"
"Surface builds","Mainstreet America","ROOM:H04:primary_suite","The Centennial — primary suite","room","complete","-38, 72, -95","/tp @s -38 72 -95","derived bounds center","true","bounds","x[-42…-34] y[70…73] z[-103…-87]","The Centennial","wft_e7957d676a753026"
"Surface builds","Mainstreet America","ROOM:H04:secondary_bedrooms","The Centennial — secondary bedrooms","room","complete","-29, 72, -95","/tp @s -29 72 -95","derived bounds center","true","bounds","x[-33…-26] y[70…73] z[-103…-87]","The Centennial","wft_7aee8d0a726d1990"
"Surface builds","Mainstreet America","ROOM:H04:study","The Centennial — study","room","complete","-28, 67, -101","/tp @s -28 67 -101","derived bounds center","true","bounds","x[-31…-26] y[65…68] z[-103…-99]","The Centennial","wft_d0272133690a583c"
"Surface builds","Mainstreet America","H10","The Cross Creek","building","complete","32, 71, -95","/tp @s 32 71 -95","derived bounds center","true","bounds","x[18…45] y[63…78] z[-109…-81]","East North Homes","wft_7265b0c4104fb0ce"
"Surface builds","Mainstreet America","ROOM:H10:great_room","The Cross Creek — great room","room","complete","32, 67, -95","/tp @s 32 67 -95","derived bounds center","true","bounds","x[26…37] y[65…68] z[-103…-87]","The Cross Creek","wft_f828c6b78d791d7f"
"Surface builds","Mainstreet America","ROOM:H10:guest_wing","The Cross Creek — guest wing","room","complete","32, 67, -84","/tp @s 32 67 -84","derived bounds center","true","bounds","x[19…44] y[65…68] z[-86…-82]","The Cross Creek","wft_f62c4c470db3eb13"
"Surface builds","Mainstreet America","ROOM:H10:kitchen_dining","The Cross Creek — kitchen dining","room","complete","41, 67, -98","/tp @s 41 67 -98","derived bounds center","true","bounds","x[38…44] y[65…68] z[-108…-88]","The Cross Creek","wft_fa8b82fe136e226e"
"Surface builds","Mainstreet America","ROOM:H10:primary_suite","The Cross Creek — primary suite","room","complete","26, 67, -106","/tp @s 26 67 -106","derived bounds center","true","bounds","x[19…32] y[65…68] z[-108…-104]","The Cross Creek","wft_b89290c175759916"
"Surface builds","Mainstreet America","ROOM:H10:stone_foyer","The Cross Creek — stone foyer","room","complete","22, 67, -95","/tp @s 22 67 -95","derived bounds center","true","bounds","x[19…25] y[65…68] z[-99…-91]","The Cross Creek","wft_d0adc1bfc1bc6be5"
"Surface builds","Mainstreet America","H11","The Midtown","building","complete","32, 76, -145","/tp @s 32 76 -145","derived bounds center","true","bounds","x[26…38] y[63…88] z[-151…-140]","East North Homes","wft_91b457f7af1e5e3a"
"Surface builds","Mainstreet America","ROOM:H11:bedroom_suite","The Midtown — bedroom suite","room","complete","32, 77, -146","/tp @s 32 77 -146","derived bounds center","true","bounds","x[27…37] y[75…78] z[-150…-142]","The Midtown","wft_ab0940a92f151ea1"
"Surface builds","Mainstreet America","ROOM:H11:living_kitchen","The Midtown — living kitchen","room","complete","32, 72, -146","/tp @s 32 72 -146","derived bounds center","true","bounds","x[27…37] y[70…73] z[-150…-142]","The Midtown","wft_582bf89def5285d7"
"Surface builds","Mainstreet America","ROOM:H11:lobby_studio","The Midtown — lobby studio","room","complete","32, 67, -146","/tp @s 32 67 -146","derived bounds center","true","bounds","x[27…37] y[65…68] z[-150…-142]","The Midtown","wft_d3a8a17b1efc7b22"
"Surface builds","Mainstreet America","ROOM:H11:roof_lounge","The Midtown — roof lounge","room","complete","32, 82, -146","/tp @s 32 82 -146","derived bounds center","true","bounds","x[27…37] y[80…83] z[-150…-142]","The Midtown","wft_b2ee3fe28505ee34"
"Surface builds","Mainstreet America","H05","The Timbergrove","building","complete","-34, 71, -145","/tp @s -34 71 -145","derived bounds center","true","bounds","x[-46…-22] y[63…78] z[-157…-133]","West North Homes","wft_fe55254d7f73c2c9"
"Surface builds","Mainstreet America","ROOM:H05:family_room","The Timbergrove — family room","room","complete","-34, 67, -145","/tp @s -34 67 -145","derived bounds center","true","bounds","x[-38…-30] y[65…68] z[-152…-138]","The Timbergrove","wft_6f2571605ad23e67"
"Surface builds","Mainstreet America","ROOM:H05:foyer","The Timbergrove — foyer","room","complete","-26, 67, -145","/tp @s -26 67 -145","derived bounds center","true","bounds","x[-29…-23] y[65…68] z[-149…-141]","The Timbergrove","wft_b8f14bfac8150063"
"Surface builds","Mainstreet America","ROOM:H05:guest_wing","The Timbergrove — guest wing","room","complete","-30, 67, -135","/tp @s -30 67 -135","derived bounds center","true","bounds","x[-38…-23] y[65…68] z[-137…-134]","The Timbergrove","wft_459b0aa9609bb94b"
"Surface builds","Mainstreet America","ROOM:H05:kitchen_dining","The Timbergrove — kitchen dining","room","complete","-42, 67, -145","/tp @s -42 67 -145","derived bounds center","true","bounds","x[-45…-39] y[65…68] z[-156…-134]","The Timbergrove","wft_3c67a85b2f159499"
"Surface builds","Mainstreet America","ROOM:H05:primary_suite","The Timbergrove — primary suite","room","complete","-26, 67, -153","/tp @s -26 67 -153","derived bounds center","true","bounds","x[-29…-23] y[65…68] z[-156…-150]","The Timbergrove","wft_27bd2f522a1b4f07"
"Surface builds","Mainstreet America","H12","The Valencia","building","complete","32, 71, -195","/tp @s 32 71 -195","derived bounds center","true","bounds","x[21…42] y[63…78] z[-205…-185]","East North Homes","wft_30794b58f4b95436"
"Surface builds","Mainstreet America","ROOM:H12:arched_entry","The Valencia — arched entry","room","complete","25, 67, -195","/tp @s 25 67 -195","derived bounds center","true","bounds","x[22…27] y[65…68] z[-198…-192]","The Valencia","wft_3ba7b4cb38c23399"
"Surface builds","Mainstreet America","ROOM:H12:guest_suite","The Valencia — guest suite","room","complete","32, 67, -188","/tp @s 32 67 -188","derived bounds center","true","bounds","x[22…41] y[65…68] z[-191…-186]","The Valencia","wft_3d7d09c556bb071e"
"Surface builds","Mainstreet America","ROOM:H12:kitchen_dining","The Valencia — kitchen dining","room","complete","39, 67, -198","/tp @s 39 67 -198","derived bounds center","true","bounds","x[36…41] y[65…68] z[-204…-193]","The Valencia","wft_248f8d6e63184c81"
"Surface builds","Mainstreet America","ROOM:H12:primary_suite","The Valencia — primary suite","room","complete","29, 67, -201","/tp @s 29 67 -201","derived bounds center","true","bounds","x[22…35] y[65…68] z[-204…-199]","The Valencia","wft_765371725c71197c"
"Surface builds","Mainstreet America","ROOM:H12:tiled_sala","The Valencia — tiled sala","room","complete","32, 67, -195","/tp @s 32 67 -195","derived bounds center","true","bounds","x[28…35] y[65…68] z[-203…-188]","The Valencia","wft_795470715dabea50"
"Surface builds","Mainstreet America","H07","The Villa Lago","building","complete","32, 74, 55","/tp @s 32 74 55","derived bounds center","true","bounds","x[18…45] y[63…84] z[42…68]","East South Homes","wft_53fe21e9fc935a9d"
"Surface builds","Mainstreet America","ROOM:H07:arched_foyer","The Villa Lago — arched foyer","room","complete","22, 67, 55","/tp @s 22 67 55","derived bounds center","true","bounds","x[19…25] y[65…68] z[52…58]","The Villa Lago","wft_ba02c864633dfb55"
"Surface builds","Mainstreet America","ROOM:H07:great_room","The Villa Lago — great room","room","complete","40, 67, 51","/tp @s 40 67 51","derived bounds center","true","bounds","x[35…44] y[65…68] z[43…59]","The Villa Lago","wft_c771801e579f33e3"
"Surface builds","Mainstreet America","ROOM:H07:guest_gallery","The Villa Lago — guest gallery","room","complete","39, 72, 55","/tp @s 39 72 55","derived bounds center","true","bounds","x[33…44] y[70…73] z[43…67]","The Villa Lago","wft_8d52e53d9a8fd1c5"
"Surface builds","Mainstreet America","ROOM:H07:kitchen_dining","The Villa Lago — kitchen dining","room","complete","32, 67, 64","/tp @s 32 67 64","derived bounds center","true","bounds","x[19…44] y[65…68] z[60…67]","The Villa Lago","wft_02941332b2c12f0e"
"Surface builds","Mainstreet America","ROOM:H07:primary_suite","The Villa Lago — primary suite","room","complete","26, 72, 55","/tp @s 26 72 55","derived bounds center","true","bounds","x[19…32] y[70…73] z[43…67]","The Villa Lago","wft_8c7b4b78782588e2"
"Surface builds","Mainstreet America","ROOM:H07:tiled_court","The Villa Lago — tiled court","room","complete","30, 67, 55","/tp @s 30 67 55","derived bounds center","true","bounds","x[26…34] y[65…68] z[51…59]","The Villa Lago","wft_f82a0673e2e1e82b"
"Surface builds","Mainstreet America","H06","The Wakefield","building","complete","-34, 71, -195","/tp @s -34 71 -195","derived bounds center","true","bounds","x[-47…-22] y[63…78] z[-207…-183]","West North Homes","wft_6d381a7084e72668"
"Surface builds","Mainstreet America","ROOM:H06:center_hall","The Wakefield — center hall","room","complete","-28, 67, -195","/tp @s -28 67 -195","derived bounds center","true","bounds","x[-33…-23] y[65…68] z[-206…-184]","The Wakefield","wft_afad02226e2d2b8e"
"Surface builds","Mainstreet America","ROOM:H06:family_kitchen","The Wakefield — family kitchen","room","complete","-27, 67, -200","/tp @s -27 67 -200","derived bounds center","true","bounds","x[-32…-23] y[65…68] z[-206…-194]","The Wakefield","wft_bee65aebef1646fb"
"Surface builds","Mainstreet America","ROOM:H06:formal_dining","The Wakefield — formal dining","room","complete","-40, 67, -189","/tp @s -40 67 -189","derived bounds center","true","bounds","x[-46…-34] y[65…68] z[-195…-184]","The Wakefield","wft_42c1d5cca16fdc2b"
"Surface builds","Mainstreet America","ROOM:H06:formal_living","The Wakefield — formal living","room","complete","-40, 67, -201","/tp @s -40 67 -201","derived bounds center","true","bounds","x[-46…-34] y[65…68] z[-206…-196]","The Wakefield","wft_1ac5bfbd5094c24e"
"Surface builds","Mainstreet America","ROOM:H06:primary_suite","The Wakefield — primary suite","room","complete","-27, 67, -188","/tp @s -27 67 -188","derived bounds center","true","bounds","x[-32…-23] y[65…68] z[-193…-184]","The Wakefield","wft_06d0ed907e6b280f"
"Surface builds","Mainstreet America","C04","West Brick Courtyard Home","building","complete","-70, 70, -70","/tp @s -70 70 -70","derived bounds center","true","bounds","x[-78…-62] y[64…75] z[-79…-61]","","wft_4d26c59665b579c9"
"Surface builds","Mainstreet America","P01-GARDEN-WEST","West formal Arrival Garden","landscape","complete","-12, 68, 200","/tp @s -12 68 200","derived bounds center","true","bounds","x[-18…-6] y[64…72] z[181…218]","Visitor parking and Arrival Gardens","wft_7a37062f74479fba"
"Surface builds","Mainstreet America","C02","West Garden Villa","building","complete","-70, 70, 30","/tp @s -70 70 30","derived bounds center","true","bounds","x[-78…-62] y[64…75] z[21…39]","","wft_7a8e47af35c1a0f7"
"Surface builds","Mainstreet America","P01-CANOPY-WEST","west solar ev canopy","building","complete","-100, 68, 261","/tp @s -100 68 261","derived bounds center","true","bounds","x[-116…-84] y[65…71] z[256…266]","Visitor parking and Arrival Gardens","wft_0318346a5a13994b"
"Surface builds","Mainstreet America","C06","West Timber Lodge","building","complete","-70, 70, -170","/tp @s -70 70 -170","derived bounds center","true","bounds","x[-78…-62] y[64…75] z[-179…-161]","","wft_a996aed935c45d5c"
"Remote sites","Ravensgate","RG-LOGGIA","Library loggia","building","complete","-110, 69, -438","/tp @s -110 69 -438","catalog entrance","false","bounds","x[-111…-106] y[68…78] z[-447…-433]","Ravensgate","wft_fcb8bbfaab3ae28c"
"Remote sites","Ravensgate","RG-TEMPIETTO","Long Water tempietto","building","complete","-85, 69, -552","/tp @s -85 69 -552","catalog entrance","false","bounds","x[-93…-77] y[68…82] z[-562…-551]","Ravensgate","wft_e5ed85abc16e9dbc"
"Remote sites","Ravensgate","RG-STOA","South stoa","building","complete","-85, 69, -431","/tp @s -85 69 -431","catalog entrance","false","bounds","x[-105…-65] y[68…78] z[-431…-426]","Ravensgate","wft_2e17416554088936"
"Remote sites","Ravensreach","RRCH-ARCHITECT","Architect cottage","building","complete","-112, 68, -375","/tp @s -112 68 -375","catalog entrance","false","bounds","x[-124…-112] y[67…77] z[-380…-370]","Ravensreach","wft_220824ed60db1af7"
"Remote sites","Ravensreach","RRCH-GRANGE","Grange Hall","building","complete","-66, 68, -361","/tp @s -66 68 -361","catalog entrance","false","bounds","x[-65…-41] y[67…90] z[-370…-352]","Ravensreach","wft_0b3cc48e9d6ecd9d"
"Remote sites","Ravensreach","RRCH-MARKET","Market Hall","building","complete","-51, 68, -343","/tp @s -51 68 -343","catalog entrance","false","bounds","x[-73…-39] y[67…84] z[-344…-323]","Ravensreach","wft_cb92f5647a87a847"
"Remote sites","Ravensreach","RRCH-MASON","Mason cottage","building","complete","-58, 68, -375","/tp @s -58 68 -375","catalog entrance","false","bounds","x[-58…-46] y[67…77] z[-380…-370]","Ravensreach","wft_fdb1a03cd6ec1b4a"
"Remote sites","Ravensreach","RRCH-TOWN-HALL","Original Town Hall shell within Moot Hall","building","complete","-85, 68, -368","/tp @s -85 68 -368","catalog entrance","false","bounds","x[-98…-72] y[67…80] z[-381…-368]","Ravensreach","wft_e03d669eb480fd60"
"Remote sites","Ravensreach","RRCH-SCOUT","Scout cottage","building","complete","-58, 68, -350","/tp @s -58 68 -350","catalog entrance","false","bounds","x[-64…-52] y[67…77] z[-350…-340]","Ravensreach","wft_a15eecb25e08cc19"
"Remote sites","Ravensreach","RRCH-STEWARD","Steward cottage","building","complete","-112, 68, -350","/tp @s -112 68 -350","catalog entrance","false","bounds","x[-118…-106] y[67…77] z[-350…-340]","Ravensreach","wft_82ac911e83071c18"
"Remote sites","Ravensreach","RRCH-SURVEYOR","Surveyor cottage","building","complete","-85, 68, -400","/tp @s -85 68 -400","catalog entrance","false","bounds","x[-91…-79] y[67…77] z[-407…-400]","Ravensreach","wft_930a8db31b6cb14e"
"Remote sites","Ravensreach","RRCH-STOREHOUSE","Town storehouse","building","complete","-85, 68, -408","/tp @s -85 68 -408","catalog entrance","false","bounds","x[-95…-75] y[67…74] z[-420…-408]","Ravensreach","wft_5b2070b4b916cc10"
"Remote sites","Westlight District","WD-INN","Beacon Inn","building","complete","-408, 68, -480","/tp @s -408 68 -480","catalog entrance","false","bounds","x[-428…-408] y[67…108] z[-496…-464]","Westlight District","wft_9f056abae93b8469"
"Remote sites","Westlight District","WD-FERRY","Ferry Bell House","building","complete","-316, 68, -474","/tp @s -316 68 -474","catalog entrance","false","bounds","x[-316…-302] y[67…80] z[-482…-466]","Westlight District","wft_960a100476ed0560"
"Remote sites","Westlight District","WD-FIELD","Field House pavilion","building","complete","-394, 68, -484","/tp @s -394 68 -484","catalog entrance","false","bounds","x[-402…-386] y[67…76] z[-502…-484]","Westlight District","wft_8f2a9a4f8f67241d"
"Remote sites","Westlight District","WD-GATEHEAD","Gatehead House","building","complete","-334, 68, -484","/tp @s -334 68 -484","catalog entrance","false","bounds","x[-334…-320] y[67…83] z[-492…-476]","Westlight District","wft_62c73a1f7a51da24"
"Remote sites","Westlight District","WD-SHOP-A","High Street shop A","building","complete","-400, 68, -470","/tp @s -400 68 -470","catalog entrance","false","bounds","x[-404…-397] y[67…82] z[-470…-448]","Westlight District","wft_e11edb4025a84b21"
"Remote sites","Westlight District","WD-SHOP-B","High Street shop B","building","complete","-393, 68, -470","/tp @s -393 68 -470","catalog entrance","false","bounds","x[-396…-390] y[67…83] z[-470…-448]","Westlight District","wft_3f2395ddeafd7579"
"Remote sites","Westlight District","WD-SHOP-C","High Street shop C","building","complete","-386, 68, -470","/tp @s -386 68 -470","catalog entrance","false","bounds","x[-389…-383] y[67…84] z[-470…-448]","Westlight District","wft_d26c4db2a213ef64"
"Remote sites","Westlight District","WD-SHOP-D","High Street shop D","building","complete","-379, 68, -470","/tp @s -379 68 -470","catalog entrance","false","bounds","x[-382…-377] y[67…82] z[-470…-448]","Westlight District","wft_f5a59d6f95a39aa9"
"Remote sites","Westlight District","WD-SHOP-E","High Street shop E","building","complete","-370, 68, -470","/tp @s -370 68 -470","catalog entrance","false","bounds","x[-373…-366] y[67…83] z[-470…-448]","Westlight District","wft_6e71ce3f3730ed85"
"Remote sites","Westlight District","WD-SHOP-F","High Street shop F","building","complete","-362, 68, -470","/tp @s -362 68 -470","catalog entrance","false","bounds","x[-365…-359] y[67…84] z[-470…-448]","Westlight District","wft_372b36aedf5bd758"
"Remote sites","Westlight District","WD-SHOP-G","High Street shop G","building","complete","-355, 68, -470","/tp @s -355 68 -470","catalog entrance","false","bounds","x[-358…-353] y[67…82] z[-470…-448]","Westlight District","wft_ee9c84d537df4b91"
"Remote sites","Westlight District","WD-LANTERN","Lantern Hall","building","complete","-326, 68, -500","/tp @s -326 68 -500","catalog entrance","false","bounds","x[-334…-318] y[67…76] z[-514…-500]","Westlight District","wft_191b7612742078a2"
"Remote sites","Westlight District","WD-BREW","Malt & Lantern brew-barn","building","complete","-344, 68, -468","/tp @s -344 68 -468","catalog entrance","false","bounds","x[-352…-326] y[67…84] z[-468…-446]","Westlight District","wft_8f21e66fbb77bb91"
"Remote sites","Westlight District","WD-SKIFF","Skiff House","building","complete","-280, 68, -502","/tp @s -280 68 -502","catalog entrance","false","bounds","x[-286…-274] y[67…75] z[-512…-502]","Westlight District","wft_b30742cf18942370"
"PassageWay access","Mainstreet America","SAFE-S01","Apartment safe room","room","complete","214, 110, 146","/tp @s 214 110 146","derived bounds center","true","bounds","x[208…220] y[105…114] z[140…151]","Concealed one-bedroom penthouse","wft_48f2b17159226d47"
"PassageWay access","Mainstreet America","C01-ARENA-HANGAR-WAYFINDING","Arena-to-hangar illuminated route","sidewalk","complete","207, 62, 108","/tp @s 207 62 108","path start","false","path","x[150…207] y[62] z[108] · 2 waypoints","Earth-covered east operations complex","wft_f4cc0fd8891826c2"
"PassageWay access","Mainstreet America","C01-ARENA-MEDICAL-DECON","C01 arena medical and decon zone","room","complete","239, 65, 123","/tp @s 239 65 123","derived bounds center","true","bounds","x[233…245] y[62…68] z[116…129]","Emergency training arena","wft_c93fd50a4a59b955"
"PassageWay access","Mainstreet America","C01-PHASE1-LANDFORM-EAST","C01 east concealment landform","landscape","complete","248, 107, 155","/tp @s 248 107 155","derived bounds center","true","bounds","x[235…260] y[95…118] z[139…171]","Mountain Surface Operations","wft_30bbf3d018bc6521"
"PassageWay access","Mainstreet America","C01-EAST-EDGE-ROAD-PHASE1","C01 East Edge Road","road","complete","123, 66, 226","/tp @s 123 66 226","derived bounds center","true","bounds","x[120…125] y[64…67] z[206…245]","Mountain Surface Operations","wft_3e5adb2437b66920"
"PassageWay access","Mainstreet America","C01-EAST-ROAD-DIRECTORY-GATE","C01 East Edge Road gate directory","landmark","complete","119, 66, 231","/tp @s 119 66 231","derived bounds center","true","bounds","x[119] y[65…67] z[230…232]","C01 East Edge Road","wft_570fd71e65fe20ad"
"PassageWay access","Mainstreet America","C01-EAST-ROAD-DIRECTORY-NORTH","C01 East Edge Road north directory","landmark","complete","119, 66, 208","/tp @s 119 66 208","derived bounds center","true","bounds","x[119] y[65…67] z[207…208]","C01 East Edge Road","wft_feb9d96cc31f25a5"
"PassageWay access","Mainstreet America","C01-STAIR-CORE-PRIMARY","C01 enclosed primary stair core","utility","complete","210, ~, 158","/tp @s 210 ~ 158","derived bounds center","true","bounds","x[204…216] y[50…110] z[152…164]","Earth-covered east operations complex","wft_d2a8d5c65b055fe1"
"PassageWay access","Mainstreet America","C01-HANGAR-RESCUE-VEHICLE","C01 hangar rescue vehicle","landmark","complete","164, 65, 128","/tp @s 164 65 128","derived bounds center","true","bounds","x[156…172] y[62…68] z[122…133]","Underground aircraft hangar and maintenance hall","wft_4a04981829d5c22e"
"PassageWay access","Mainstreet America","C01-ARENA-RESPONSE-COURSE","C01 incident-response obstacle course","room","complete","228, 65, 105","/tp @s 228 65 105","derived bounds center","true","bounds","x[211…245] y[62…68] z[85…124]","Emergency training arena","wft_bc4ba67f01ea974e"
"PassageWay access","Mainstreet America","ROUTE:C01-PRIMARY-STAIR","C01 lower operations to office primary stair route","custom","complete","206, 51, 154","/tp @s 206 51 154","path start","false","path","x[206…214] y[51…106] z[154…162] · 5 waypoints","Earth-covered east operations complex","wft_44c5c159eb58ba9a"
"PassageWay access","Mainstreet America","C01-HANGAR-AIRCRAFT-A","C01 north-west utility aircraft display","landmark","complete","149, 65, 96","/tp @s 149 65 96","derived bounds center","true","bounds","x[138…160] y[62…67] z[88…104]","Underground aircraft hangar and maintenance hall","wft_8dffa0e5aec181a4"
"PassageWay access","Mainstreet America","C01-PUBLIC-PORTAL-APPROACH-PHASE1","C01 public portal east approach relation","custom","complete","122, 65, 231","/tp @s 122 65 231","path start","false","path","x[116…122] y[65] z[204…231] · 3 waypoints","Mountain complex public portal and approach","wft_2661792989425dcf"
"PassageWay access","Mainstreet America","C01-PUBLIC-CONNECTOR-DOGLEG-PHASE2","C01 recessed portal dogleg connector","custom","complete","143, 64, 201","/tp @s 143 64 201","path start","false","path","x[139…143] y[62…64] z[166…201] · 8 waypoints","C01 recessed public portal","wft_019e00465e3fc3f0"
"PassageWay access","Mainstreet America","C01-PUBLIC-PORTAL-DIRECTORY-PHASE2","C01 recessed portal interior directory","landmark","complete","147, 65, 187","/tp @s 147 65 187","derived bounds center","true","bounds","x[146…147] y[63…66] z[187]","C01 recessed public portal","wft_8845fa738e0e1b7a"
"PassageWay access","Mainstreet America","C01-PUBLIC-PORTAL-RECESSED-PHASE2","C01 recessed public portal","building","complete","143, 66, 182","/tp @s 143 66 182","derived bounds center","true","bounds","x[139…147] y[62…69] z[163…201]","Earth-covered east operations complex","wft_8a29b90efebe1a80"
"PassageWay access","Mainstreet America","C01-HANGAR-ROTORCRAFT-B","C01 south-west rotorcraft display","landmark","complete","129, 65, 118","/tp @s 129 65 118","derived bounds center","true","bounds","x[118…139] y[62…68] z[109…127]","Underground aircraft hangar and maintenance hall","wft_e9abbbef0469cd26"
"PassageWay access","Mainstreet America","C01-PHASE1-LANDFORM-SOUTHWEST","C01 southwest concealment landform","landscape","complete","192, 106, 194","/tp @s 192 106 194","derived bounds center","true","bounds","x[176…207] y[93…118] z[182…205]","Mountain Surface Operations","wft_650edd1f385007c5"
"PassageWay access","Mainstreet America","C01-PHASE1-LANDFORM-WEST","C01 west concealment landform","landscape","complete","160, 106, 160","/tp @s 160 106 160","derived bounds center","true","bounds","x[145…175] y[93…118] z[139…180]","Mountain Surface Operations","wft_c7175beecff66019"
"PassageWay access","Mainstreet America","OBS-S01-PLANETARIUM","Central planetarium gallery","room","complete","206, 124, 151","/tp @s 206 124 151","derived bounds center","true","bounds","x[197…215] y[121…126] z[137…165]","Griffith-inspired roof observatory","wft_1319b7737a95ad23"
"PassageWay access","Mainstreet America","OBS-S01-LENS-CENTRAL","Central research telescope objective","landmark","complete","206, 132, 143","/tp @s 206 132 143","exact catalog point","false","point","x[206] y[132] z[143]","Griffith-inspired roof observatory","wft_06898eef62013141"
"PassageWay access","Mainstreet America","ROUTE:OBS-PENTHOUSE-PRIVATE-STAIR","Concealed observatory to penthouse stair","custom","complete","217, 121, 142","/tp @s 217 121 142","path start","false","path","x[217…224] y[106…121] z[140…147] · 6 waypoints","Concealed one-bedroom penthouse","wft_a0a6ac8658344524"
"PassageWay access","Mainstreet America","APT-S01","Concealed one-bedroom penthouse","room","complete","202, 110, 160","/tp @s 202 110 160","derived bounds center","true","bounds","x[178…225] y[105…114] z[139…180]","Mountain-integrated surface hangar","wft_314f7d053050b8b6"
"PassageWay access","Mainstreet America","C01","Earth-covered east operations complex","building","complete","200, ~, 153","/tp @s 200 ~ 153","derived bounds center","true","bounds","x[100…300] y[45…105] z[70…235]","MainStreet America campus","wft_8b357c93b42b1bbd"
"PassageWay access","Mainstreet America","OBS-S01-PHOTO-CONTROL-EAST","East photo-control room","room","complete","222, 123, 162","/tp @s 222 123 162","derived bounds center","true","bounds","x[216…227] y[120…126] z[159…165]","Griffith-inspired roof observatory","wft_74cecfbe064552b0"
"PassageWay access","Mainstreet America","OBS-S01-INSTRUMENT-LAB-EAST","East solar instrument laboratory","room","complete","222, 123, 143","/tp @s 222 123 143","derived bounds center","true","bounds","x[216…227] y[120…126] z[137…149]","Griffith-inspired roof observatory","wft_ec343775a451288e"
"PassageWay access","Mainstreet America","OBS-S01-LENS-EAST","East solar-photo telescope objective","landmark","complete","222, 130, 145","/tp @s 222 130 145","exact catalog point","false","point","x[222] y[130] z[145]","Griffith-inspired roof observatory","wft_c3ce042402d98243"
"PassageWay access","Mainstreet America","OBS-S01-TELESCOPE-EAST","East telescope room","room","complete","222, 124, 151","/tp @s 222 124 151","derived bounds center","true","bounds","x[217…227] y[121…126] z[137…165]","Griffith-inspired roof observatory","wft_5ead309d32bbc1d4"
"PassageWay access","Mainstreet America","U01","East-complex continuous service shaft","utility","complete","200, ~, 153","/tp @s 200 ~ 153","derived bounds center","true","bounds","x[200] y[24…105] z[153]","Mountain Surface Operations","wft_48550a6d00177b8c"
"PassageWay access","Mainstreet America","C01-UPPER-ARENA","Emergency training arena","room","complete","225, 69, 108","/tp @s 225 69 108","derived bounds center","true","bounds","x[202…248] y[62…75] z[83…132]","Earth-covered east operations complex","wft_f85bf806e7ea63cd"
"PassageWay access","Mainstreet America","FAL-S01","Fallout shelter","room","complete","157, 86, 154","/tp @s 157 86 154","derived bounds center","true","bounds","x[149…165] y[81…91] z[144…163]","Private mountain shelter","wft_fe2aaca272092d46"
"PassageWay access","Mainstreet America","FAL-S01-DORMITORY","Fallout shelter dormitory","room","complete","153, 86, 151","/tp @s 153 86 151","derived bounds center","true","bounds","x[149…157] y[81…90] z[144…158]","Fallout shelter","wft_44fe3836db36eae0"
"PassageWay access","Mainstreet America","FAL-S01-GALLEY-COMMONS","Fallout shelter galley and commons","room","complete","161, 86, 154","/tp @s 161 86 154","derived bounds center","true","bounds","x[157…165] y[81…90] z[144…163]","Fallout shelter","wft_9d282d1c83ef9788"
"PassageWay access","Mainstreet America","BATH-S01-SHOWER","Four-head glass shower","room","complete","184, 109, 170","/tp @s 184 109 170","derived bounds center","true","bounds","x[179…189] y[105…112] z[165…175]","Marble-and-glass spa bath","wft_e16cfb4948d0343f"
"PassageWay access","Mainstreet America","VLT-G01-LOWER","Grand vault lower gallery","room","complete","246, 49, 205","/tp @s 246 49 205","derived bounds center","true","bounds","x[230…262] y[44…54] z[184…226]","Three-level grand treasury vault","wft_d1461ecec608e8c7"
"PassageWay access","Mainstreet America","VLT-G01-MIDDLE","Grand vault middle gallery","room","complete","246, 60, 205","/tp @s 246 60 205","derived bounds center","true","bounds","x[230…262] y[55…65] z[184…226]","Three-level grand treasury vault","wft_5f3c85e7a4b94d77"
"PassageWay access","Mainstreet America","ROUTE:GRAND-VAULT-STAIRS","Grand vault three-level ceremonial stair","custom","complete","238, 65, 194","/tp @s 238 65 194","path start","false","path","x[238…246] y[44…65] z[194…220] · 23 waypoints","Three-level grand treasury vault","wft_f0f71432bf9cef93"
"PassageWay access","Mainstreet America","VLT-G01-UPPER","Grand vault upper gallery","room","complete","246, 71, 205","/tp @s 246 71 205","derived bounds center","true","bounds","x[230…262] y[66…76] z[184…226]","Three-level grand treasury vault","wft_49edf274aceb8c39"
"PassageWay access","Mainstreet America","OBS-S01","Griffith-inspired roof observatory","building","complete","205, 128, 160","/tp @s 205 128 160","derived bounds center","true","bounds","x[175…235] y[119…136] z[137…182]","Mountain-integrated surface hangar","wft_33328281e4bd4c1e"
"PassageWay access","Mainstreet America","ROUTE:OBS-PUBLIC-STAIR","Hangar to observatory public switchback stair","custom","complete","176, 99, 163","/tp @s 176 99 163","path start","false","path","x[167…184] y[99…121] z[153…163] · 6 waypoints","Griffith-inspired roof observatory","wft_c5f0b2030ae7b108"
"PassageWay access","Mainstreet America","C01-CROSS-PASSAGE","Hangar-to-arena cross-passage","room","complete","199, 67, 110","/tp @s 199 67 110","derived bounds center","true","bounds","x[189…208] y[62…72] z[105…115]","Earth-covered east operations complex","wft_0c448eb22ac1a382"
"PassageWay access","Mainstreet America","SAFE-U01","Hardened lower safe room","room","complete","177, 86, 154","/tp @s 177 86 154","derived bounds center","true","bounds","x[167…187] y[81…91] z[144…163]","Private mountain shelter","wft_869cb207ee4e226d"
"PassageWay access","Mainstreet America","C01-CONCOURSE","Lobby-to-hangar grand concourse","room","complete","124, 67, 148","/tp @s 124 67 148","derived bounds center","true","bounds","x[117…131] y[62…72] z[143…152]","Earth-covered east operations complex","wft_f15c4d407fb3c72e"
"PassageWay access","Mainstreet America","C01-LOWER-ARCHIVE","Lower archive and briefing room","room","complete","147, 55, 118","/tp @s 147 55 118","derived bounds center","true","bounds","x[141…153] y[50…60] z[103…132]","Earth-covered east operations complex","wft_200a013f6760f18c"
"PassageWay access","Mainstreet America","C01-LOWER-COMMS","Lower communications room","room","complete","193, 55, 112","/tp @s 193 55 112","derived bounds center","true","bounds","x[189…196] y[50…60] z[103…120]","Earth-covered east operations complex","wft_ca2d26e578c853b2"
"PassageWay access","Mainstreet America","C01-CONFERENCE-A","Lower conference room A","room","complete","175, 55, 182","/tp @s 175 55 182","derived bounds center","true","bounds","x[169…180] y[50…60] z[173…190]","Earth-covered east operations complex","wft_cee29f5e85af7be4"
"PassageWay access","Mainstreet America","C01-CONFERENCE-B","Lower conference room B","room","complete","195, 55, 182","/tp @s 195 55 182","derived bounds center","true","bounds","x[189…200] y[50…60] z[173…190]","Earth-covered east operations complex","wft_767efea7d79846f3"
"PassageWay access","Mainstreet America","C01-CONFERENCE-C","Lower conference room C","room","complete","215, 55, 182","/tp @s 215 55 182","derived bounds center","true","bounds","x[209…220] y[50…60] z[173…190]","Earth-covered east operations complex","wft_88ab43a57b66ba4b"
"PassageWay access","Mainstreet America","C01-LOWER-FABRICATION","Lower fabrication room","room","complete","251, 55, 113","/tp @s 251 55 113","derived bounds center","true","bounds","x[239…263] y[50…60] z[103…122]","Earth-covered east operations complex","wft_fb6a1a4496fc151b"
"PassageWay access","Mainstreet America","C01-LOWER-STORES","Lower main stores","room","complete","219, 55, 113","/tp @s 219 55 113","derived bounds center","true","bounds","x[209…228] y[50…60] z[103…122]","Earth-covered east operations complex","wft_63cd7b069577d13b"
"PassageWay access","Mainstreet America","ROUTE:C01-LOWER-OPERATIONS","Lower operations circulation loop","custom","complete","200, 51, 151","/tp @s 200 51 151","path start","false","path","x[145…260] y[51] z[126…175] · 10 waypoints","Earth-covered east operations complex","wft_7ab33e5c12c884f7"
"PassageWay access","Mainstreet America","C01-LOWER-THEATER","Lower operations theater","room","complete","149, 55, 182","/tp @s 149 55 182","derived bounds center","true","bounds","x[140…158] y[50…60] z[173…190]","Earth-covered east operations complex","wft_4f98e503baffdad0"
"PassageWay access","Mainstreet America","C01-LOWER-RECORDS","Lower records room","room","complete","183, 55, 112","/tp @s 183 55 112","derived bounds center","true","bounds","x[179…186] y[50…60] z[103…120]","Earth-covered east operations complex","wft_66a54473d7c6c05f"
"PassageWay access","Mainstreet America","C01-LOWER-BUNK","Lower staff bunk room","room","complete","173, 55, 112","/tp @s 173 55 112","derived bounds center","true","bounds","x[169…176] y[50…60] z[103…120]","Earth-covered east operations complex","wft_3a6aad10e4639633"
"PassageWay access","Mainstreet America","BATH-S01","Marble-and-glass spa bath","room","complete","193, 110, 172","/tp @s 193 110 172","derived bounds center","true","bounds","x[178…207] y[105…114] z[163…180]","Concealed one-bedroom penthouse","wft_e1c974a080b876aa"
"PassageWay access","Mainstreet America","C01-LOBBY","Mountain complex arrival lobby","room","complete","124, 70, 162","/tp @s 124 70 162","derived bounds center","true","bounds","x[109…138] y[64…75] z[153…171]","Earth-covered east operations complex","wft_60dc963e8e021557"
"PassageWay access","Mainstreet America","C01-PUBLIC-ENTRY","Mountain complex public portal and approach","building","complete","110, 72, 188","/tp @s 110 72 188","derived bounds center","true","bounds","x[90…130] y[64…80] z[171…205]","Earth-covered east operations complex","wft_87264bd11b41965f"
"PassageWay access","Mainstreet America","ROUTE:OFFICE-HELIPORT","MSA Office Shaft to Heliport","custom","complete","200, 106, 153","/tp @s 200 106 153","path start","false","path","x[200…248] y[89…106] z[153…183] · 7 waypoints","Mountain Surface Operations","wft_6eb369c2731d7002"
"PassageWay access","Mainstreet America","OBS-S01-FOYER","Observatory celestial entry gallery","room","complete","206, 123, 161","/tp @s 206 123 161","derived bounds center","true","bounds","x[197…215] y[120…126] z[157…165]","Griffith-inspired roof observatory","wft_5810352e0fa8c879"
"PassageWay access","Mainstreet America","OBS-S01-INSTRUMENT-ARCHIVE","Observatory instrument archive and research lab","room","complete","206, 123, 141","/tp @s 206 123 141","derived bounds center","true","bounds","x[197…215] y[120…126] z[137…145]","Griffith-inspired roof observatory","wft_0fcebcff876df842"
"PassageWay access","Mainstreet America","OBS-S01-ROOF-TERRACE","Observatory roof terrace","landscape","complete","205, 120, 160","/tp @s 205 120 160","derived bounds center","true","bounds","x[175…235] y[119…121] z[137…182]","Griffith-inspired roof observatory","wft_b1e05e6d0ade496a"
"PassageWay access","Mainstreet America","BATH-S01-SOAKING-TUB","Oversized glass-and-marble soaking tub","custom","complete","195, 109, 171","/tp @s 195 109 171","derived bounds center","true","bounds","x[190…200] y[105…112] z[164…177]","Marble-and-glass spa bath","wft_a4ab54b0e4cc160e"
"PassageWay access","Mainstreet America","APT-S01-BEDROOM","Penthouse bedroom","room","complete","221, 110, 159","/tp @s 221 110 159","derived bounds center","true","bounds","x[217…225] y[105…114] z[152…166]","Concealed one-bedroom penthouse","wft_1e3e31cb0ff2d70a"
"PassageWay access","Mainstreet America","APT-S01-DINING-KITCHEN","Penthouse dining kitchen","room","complete","222, 110, 174","/tp @s 222 110 174","derived bounds center","true","bounds","x[218…225] y[105…114] z[167…180]","Concealed one-bedroom penthouse","wft_0d2c5e4d5c89fa03"
"PassageWay access","Mainstreet America","APT-S01-DRESSING-LOUNGE","Penthouse dressing lounge","room","complete","185, 110, 156","/tp @s 185 110 156","derived bounds center","true","bounds","x[179…190] y[105…114] z[150…162]","Concealed one-bedroom penthouse","wft_a4eae7c5cddd7451"
"PassageWay access","Mainstreet America","APT-S01-LIVING-SALON","Penthouse living salon","room","complete","213, 110, 174","/tp @s 213 110 174","derived bounds center","true","bounds","x[208…217] y[105…114] z[167…180]","Concealed one-bedroom penthouse","wft_883307c711b6aec3"
"PassageWay access","Mainstreet America","ROUTE:APT-SHELTER","Penthouse safe room to private shelter","custom","complete","207, 104, 146","/tp @s 207 104 146","path start","false","path","x[184…207] y[81…104] z[146] · 24 waypoints","Mountain Surface Operations","wft_e25161b38a9bd0b4"
"PassageWay access","Mainstreet America","APT-S01-VESTIBULE","Penthouse secure entry vestibule","room","complete","213, 110, 149","/tp @s 213 110 149","derived bounds center","true","bounds","x[208…217] y[105…114] z[147…151]","Concealed one-bedroom penthouse","wft_c42e134eb10c9f2e"
"PassageWay access","Mainstreet America","LIB-S01","Private command library","room","complete","187, 110, 145","/tp @s 187 110 145","derived bounds center","true","bounds","x[179…194] y[105…114] z[139…150]","Concealed one-bedroom penthouse","wft_6f21c918f0926a7d"
"PassageWay access","Mainstreet America","SHL-S01","Private mountain shelter","building","complete","168, 86, 162","/tp @s 168 86 162","derived bounds center","true","bounds","x[148…188] y[81…91] z[143…180]","Mountain Surface Operations","wft_9593f31159665159"
"PassageWay access","Mainstreet America","ROUTE:SHELTER-GRAND-VAULT","Private shelter to grand vault","custom","complete","188, 82, 174","/tp @s 188 82 174","path start","false","path","x[188…232] y[66…82] z[174…192] · 18 waypoints","Private mountain shelter","wft_8423f3ef4e7edd43"
"PassageWay access","Mainstreet America","C01-SHAFT-LANDING","Service-spine scaffold landing","room","complete","200, 66, 152","/tp @s 200 66 152","derived bounds center","true","bounds","x[198…201] y[62…70] z[151…153]","Earth-covered east operations complex","wft_a5797d67289505e1"
"PassageWay access","Mainstreet America","COM-S01","Shelter communications room","room","complete","177, 86, 172","/tp @s 177 86 172","derived bounds center","true","bounds","x[167…187] y[81…91] z[164…179]","Private mountain shelter","wft_8fe25cb65ce5a13d"
"PassageWay access","Mainstreet America","SAFE-U01-SANITATION-DECON","Shelter dry sanitation and decon","room","complete","185, 86, 158","/tp @s 185 86 158","derived bounds center","true","bounds","x[183…187] y[81…90] z[156…159]","Hardened lower safe room","wft_b0173789905fb998"
"PassageWay access","Mainstreet America","COM-S01-RADIO-CRYPTO-DISPATCH","Shelter radio, crypto, and dispatch floor","room","complete","177, 86, 172","/tp @s 177 86 172","derived bounds center","true","bounds","x[167…187] y[81…90] z[164…179]","Shelter communications room","wft_088d1b067894a0c5"
"PassageWay access","Mainstreet America","VLT-S01","Shelter treasury and armory","room","complete","159, 86, 172","/tp @s 159 86 172","derived bounds center","true","bounds","x[149…168] y[81…91] z[164…179]","Private mountain shelter","wft_17ff9024275e3cf0"
"PassageWay access","Mainstreet America","VLT-G01","Three-level grand treasury vault","building","complete","246, 60, 205","/tp @s 246 60 205","derived bounds center","true","bounds","x[230…262] y[44…76] z[184…226]","Private mountain shelter","wft_80acae67022b1bfa"
"PassageWay access","Mainstreet America","CMD-S01","Twelve-monitor command center","room","complete","201, 110, 145","/tp @s 201 110 145","derived bounds center","true","bounds","x[194…207] y[105…114] z[139…150]","Concealed one-bedroom penthouse","wft_d2defba9bb2909bd"
"PassageWay access","Mainstreet America","C01-UPPER-HANGAR","Underground aircraft hangar and maintenance hall","room","complete","149, 69, 113","/tp @s 149 69 113","derived bounds center","true","bounds","x[109…188] y[62…75] z[83…142]","Earth-covered east operations complex","wft_cbd5beb5d2bb737a"
"PassageWay access","Mainstreet America","C01-HANGAR-DISPATCH","Underground hangar dispatch island","room","complete","132, 64, 90","/tp @s 132 64 90","derived bounds center","true","bounds","x[118…146] y[62…66] z[87…92]","Earth-covered east operations complex","wft_b70486deda4fb1af"
"PassageWay access","Mainstreet America","C01-HANGAR-MAINTENANCE","Underground hangar maintenance islands","room","complete","129, 64, 133","/tp @s 129 64 133","derived bounds center","true","bounds","x[116…142] y[62…66] z[127…139]","Earth-covered east operations complex","wft_f4d2a536a15487b6"
"PassageWay access","Mainstreet America","C01-UPPER-THEATER","Upper briefing theater","room","complete","164, 69, 163","/tp @s 164 69 163","derived bounds center","true","bounds","x[149…178] y[62…75] z[153…173]","Earth-covered east operations complex","wft_289df5f3b8ec8b21"
"PassageWay access","Mainstreet America","C01-UPPER-GALLERIES","Upper east-west galleries","custom","complete","212, 69, 150","/tp @s 212 69 150","derived bounds center","true","bounds","x[141…282] y[62…75] z[148…152]","Earth-covered east operations complex","wft_1439df767239992a"
"PassageWay access","Mainstreet America","C01-UPPER-SERVICE-SPINE","Upper service spine and destination hub","custom","complete","200, 69, 118","/tp @s 200 69 118","derived bounds center","true","bounds","x[197…203] y[62…75] z[83…152]","Earth-covered east operations complex","wft_41cffaefecfb4bbc"
"PassageWay access","Mainstreet America","CLOSET-S01","Walk-in closet and wardrobe","room","complete","204, 110, 172","/tp @s 204 110 172","derived bounds center","true","bounds","x[201…207] y[105…114] z[164…179]","Concealed one-bedroom penthouse","wft_0b7426020cf24e66"
"PassageWay access","Mainstreet America","OBS-S01-OPTICS-WORKSHOP-WEST","West dome optics workshop","room","complete","191, 123, 140","/tp @s 191 123 140","derived bounds center","true","bounds","x[185…196] y[120…126] z[137…143]","Griffith-inspired roof observatory","wft_d058d1d71899662b"
"PassageWay access","Mainstreet America","OBS-S01-OBSERVATION-LOG-WEST","West observation log room","room","complete","191, 123, 162","/tp @s 191 123 162","derived bounds center","true","bounds","x[185…196] y[120…126] z[159…165]","Griffith-inspired roof observatory","wft_1ddf98f4f483aff8"
"PassageWay access","Mainstreet America","OBS-S01-TELESCOPE-WEST","West telescope room","room","complete","190, 124, 151","/tp @s 190 124 151","derived bounds center","true","bounds","x[185…195] y[121…126] z[137…165]","Griffith-inspired roof observatory","wft_f220ee651a233d3a"
"PassageWay access","Mainstreet America","OBS-S01-LENS-WEST","West visual refractor objective","landmark","complete","190, 130, 145","/tp @s 190 130 145","exact catalog point","false","point","x[190] y[130] z[145]","Griffith-inspired roof observatory","wft_7a325d19f4ecf563"
"PassageWay access","Raven Rock","RR-C1","A-B Inter-Cavern Corridor","custom","complete","0, -12, 15","/tp @s 0 -12 15","path start","false","path","x[0] y[-12…-10] z[15…70] · 2 waypoints","Raven Rock / Site R","wft_2d5c41be928654d0"
"PassageWay access","Raven Rock","RR-C2","A-C Inter-Cavern Corridor","custom","complete","-75, -12, -15","/tp @s -75 -12 -15","path start","false","path","x[-115…-75] y[-18…-12] z[-15…-10] · 2 waypoints","Raven Rock / Site R","wft_bff30b6927ea26da"
"PassageWay access","Raven Rock","RR-J-C1-A","C1 / Cavern A Threshold","custom","complete","0, -12, 15","/tp @s 0 -12 15","exact catalog point","false","point","x[0] y[-12] z[15]","Raven Rock / Site R","wft_b82dcc70d866e3b9"
"PassageWay access","Raven Rock","RR-J-C1-B","C1 / Cavern B Threshold","custom","complete","0, -10, 70","/tp @s 0 -10 70","exact catalog point","false","point","x[0] y[-10] z[70]","Raven Rock / Site R","wft_cb6b859be24ec5e6"
"PassageWay access","Raven Rock","RR-J-C2-A","C2 / Cavern A Threshold","custom","complete","-75, -12, -15","/tp @s -75 -12 -15","exact catalog point","false","point","x[-75] y[-12] z[-15]","Raven Rock / Site R","wft_e2e75f1501194d61"
"PassageWay access","Raven Rock","RR-J-C2-C","C2 / Cavern C Threshold","custom","complete","-115, -18, -10","/tp @s -115 -18 -10","exact catalog point","false","point","x[-115] y[-18] z[-10]","Raven Rock / Site R","wft_34aa97515b14a08c"
"PassageWay access","Raven Rock","RR-N10","Central Junction Rotunda","custom","complete","0, -12, 0","/tp @s 0 -12 0","exact catalog point","false","point","x[0] y[-12] z[0]","Raven Rock / Site R","wft_0d8649fa02d2c5a2"
"PassageWay access","Raven Rock","RR-B1","Command & Operations Center","building","complete","-30, -7, 3","/tp @s -30 -7 3","catalog entrance","false","bounds","x[-50…-10] y[-8…9] z[-32…2]","Raven Rock / Site R","wft_f1455883a84884fc"
"PassageWay access","Raven Rock","RR-B1:ROOM:2:briefing-theatre","Command & Operations Center — Briefing Theatre","room","complete","-30, 0, -15","/tp @s -30 0 -15","derived bounds center","true","bounds","x[-36…-24] y[-2…1] z[-31…1]","Command & Operations Center","wft_64fe53245c04ef3c"
"PassageWay access","Raven Rock","RR-B1:ROOM:3:crisis-room","Command & Operations Center — Crisis Room","room","complete","-30, 6, -15","/tp @s -30 6 -15","derived bounds center","true","bounds","x[-36…-24] y[3…8] z[-31…1]","Command & Operations Center","wft_d6e4ec6253dc2e55"
"PassageWay access","Raven Rock","RR-B1:ROOM:3:director-suite","Command & Operations Center — Director Suite","room","complete","-43, 6, -15","/tp @s -43 6 -15","derived bounds center","true","bounds","x[-49…-37] y[3…8] z[-31…1]","Command & Operations Center","wft_bcab4b6b8d6de849"
"PassageWay access","Raven Rock","RR-B1:ROOM:1:duty-offices","Command & Operations Center — Duty Offices","room","complete","-17, -5, -15","/tp @s -17 -5 -15","derived bounds center","true","bounds","x[-23…-11] y[-7…-4] z[-31…1]","Command & Operations Center","wft_11049fc2452e54c7"
"PassageWay access","Raven Rock","RR-B1:ROOM:1:map-archive","Command & Operations Center — Map Archive","room","complete","-30, -5, -15","/tp @s -30 -5 -15","derived bounds center","true","bounds","x[-36…-24] y[-7…-4] z[-31…1]","Command & Operations Center","wft_3dfbe5cada8bab82"
"PassageWay access","Raven Rock","RR-B1:ROOM:3:observation-gallery","Command & Operations Center — Observation Gallery","room","complete","-17, 6, -15","/tp @s -17 6 -15","derived bounds center","true","bounds","x[-23…-11] y[3…8] z[-31…1]","Command & Operations Center","wft_ad0fd89957c8d424"
"PassageWay access","Raven Rock","RR-B1:ROOM:2:operations-floor","Command & Operations Center — Operations Floor","room","complete","-43, 0, -15","/tp @s -43 0 -15","derived bounds center","true","bounds","x[-49…-37] y[-2…1] z[-31…1]","Command & Operations Center","wft_428dd4a37fd2cc94"
"PassageWay access","Raven Rock","RR-B1:ROOM:2:secure-records","Command & Operations Center — Secure Records","room","complete","-17, 0, -15","/tp @s -17 0 -15","derived bounds center","true","bounds","x[-23…-11] y[-2…1] z[-31…1]","Command & Operations Center","wft_dcf5fb3be70a2657"
"PassageWay access","Raven Rock","RR-B1:ROOM:1:situation-room","Command & Operations Center — Situation Room","room","complete","-43, -5, -15","/tp @s -43 -5 -15","derived bounds center","true","bounds","x[-49…-37] y[-7…-4] z[-31…1]","Command & Operations Center","wft_e97bb73aa98c74c3"
"PassageWay access","Raven Rock","RR-B1:CIRCULATION","Command & Operations Center vertical circulation","custom","complete","-30, 1, -15","/tp @s -30 1 -15","derived bounds center","true","bounds","x[-50…-10] y[-8…9] z[-32…2]","Command & Operations Center","wft_4849949f2e203921"
"PassageWay access","Raven Rock","RR-N2","East Blast Vestibule","custom","complete","180, 0, -30","/tp @s 180 0 -30","exact catalog point","false","point","x[180] y[0] z[-30]","Raven Rock / Site R","wft_a75644d790513e97"
"PassageWay access","Raven Rock","RR-N5","East Portal","custom","complete","285, 18, -30","/tp @s 285 18 -30","exact catalog point","false","point","x[285] y[18] z[-30]","Raven Rock / Site R","wft_6f3692622d52095b"
"PassageWay access","Raven Rock","RR-T3b","East Tunnel — N2 to Cavern A","custom","complete","180, 0, -30","/tp @s 180 0 -30","path start","false","path","x[75…180] y[-12…0] z[-30…-15] · 2 waypoints","Raven Rock / Site R","wft_7c24b1aea38363a1"
"PassageWay access","Raven Rock","RR-T3a","East Tunnel — portal to N2","custom","complete","285, 18, -30","/tp @s 285 18 -30","path start","false","path","x[180…285] y[0…18] z[-30] · 2 waypoints","Raven Rock / Site R","wft_55e67cb907c76bc8"
"PassageWay access","Raven Rock","RR-N1","North Blast Vestibule","custom","complete","0, -6, -120","/tp @s 0 -6 -120","exact catalog point","false","point","x[0] y[-6] z[-120]","Raven Rock / Site R","wft_d9cc0a61b593e21d"
"PassageWay access","Raven Rock","RR-N4","North Vehicle Portal","custom","complete","0, 18, -285","/tp @s 0 18 -285","exact catalog point","false","point","x[0] y[18] z[-285]","Raven Rock / Site R","wft_e359352820368032"
"PassageWay access","Raven Rock","RR-T1b","North Vehicle Tunnel — N1 to Cavern A","custom","complete","0, -6, -120","/tp @s 0 -6 -120","path start","false","path","x[0] y[-12…-6] z[-120…-45] · 2 waypoints","Raven Rock / Site R","wft_2d7cf3c856454b99"
"PassageWay access","Raven Rock","RR-T1a","North Vehicle Tunnel — portal to N1","custom","complete","0, 18, -285","/tp @s 0 18 -285","path start","false","path","x[0] y[-6…18] z[-285…-120] · 2 waypoints","Raven Rock / Site R","wft_b631bbbc8e4a8ddd"
"PassageWay access","Raven Rock","RR-B4","Power & Ventilation Plant","building","complete","-130, -13, -10","/tp @s -130 -13 -10","catalog entrance","false","bounds","x[-170…-130] y[-14…-2] z[-24…4]","Raven Rock / Site R","wft_223e651babb2c756"
"PassageWay access","Raven Rock","RR-B4:ROOM:1:fuel-and-switchgear","Power & Ventilation Plant — Fuel and Switchgear","room","complete","-140, -11, -10","/tp @s -140 -11 -10","derived bounds center","true","bounds","x[-150…-131] y[-13…-10] z[-23…3]","Power & Ventilation Plant","wft_e1fcc42f96c3a6ee"
"PassageWay access","Raven Rock","RR-B4:ROOM:1:generator-hall","Power & Ventilation Plant — Generator Hall","room","complete","-160, -11, -10","/tp @s -160 -11 -10","derived bounds center","true","bounds","x[-169…-151] y[-13…-10] z[-23…3]","Power & Ventilation Plant","wft_b0b9af390681fa98"
"PassageWay access","Raven Rock","RR-B4:ROOM:2:maintenance-workshop","Power & Ventilation Plant — Maintenance Workshop","room","complete","-140, -5, -10","/tp @s -140 -5 -10","derived bounds center","true","bounds","x[-150…-131] y[-8…-3] z[-23…3]","Power & Ventilation Plant","wft_94eb2c304b05d388"
"PassageWay access","Raven Rock","RR-B4:ROOM:2:ventilation-plant","Power & Ventilation Plant — Ventilation Plant","room","complete","-160, -5, -10","/tp @s -160 -5 -10","derived bounds center","true","bounds","x[-169…-151] y[-8…-3] z[-23…3]","Power & Ventilation Plant","wft_904ff6240863c9dd"
"PassageWay access","Raven Rock","RR-B4:CIRCULATION","Power & Ventilation Plant vertical circulation","custom","complete","-150, -8, -10","/tp @s -150 -8 -10","derived bounds center","true","bounds","x[-170…-130] y[-14…-2] z[-24…4]","Power & Ventilation Plant","wft_0f576301728ed8a1"
"PassageWay access","Raven Rock","RR-B3","Quarters, Dining & Medical","building","complete","0, -5, 85","/tp @s 0 -5 85","catalog entrance","false","bounds","x[-18…18] y[-6…11] z[85…115]","Raven Rock / Site R","wft_f6b33f953274010f"
"PassageWay access","Raven Rock","RR-B3:ROOM:2:day-room","Quarters, Dining & Medical — Day Room","room","complete","9, 2, 100","/tp @s 9 2 100","derived bounds center","true","bounds","x[0…17] y[0…3] z[86…114]","Quarters, Dining & Medical","wft_7e321aebfd97de46"
"PassageWay access","Raven Rock","RR-B3:ROOM:1:dining-hall","Quarters, Dining & Medical — Dining Hall","room","complete","-9, -3, 100","/tp @s -9 -3 100","derived bounds center","true","bounds","x[-17…-1] y[-5…-2] z[86…114]","Quarters, Dining & Medical","wft_8b9e5ba08a9c1dcf"
"PassageWay access","Raven Rock","RR-B3:ROOM:2:dormitory","Quarters, Dining & Medical — Dormitory","room","complete","-9, 2, 100","/tp @s -9 2 100","derived bounds center","true","bounds","x[-17…-1] y[0…3] z[86…114]","Quarters, Dining & Medical","wft_3504b9d2a5db65f8"
"PassageWay access","Raven Rock","RR-B3:ROOM:1:galley","Quarters, Dining & Medical — Galley","room","complete","9, -3, 100","/tp @s 9 -3 100","derived bounds center","true","bounds","x[0…17] y[-5…-2] z[86…114]","Quarters, Dining & Medical","wft_1b7fc29503263e2e"
"PassageWay access","Raven Rock","RR-B3:ROOM:3:infirmary","Quarters, Dining & Medical — Infirmary","room","complete","-9, 8, 100","/tp @s -9 8 100","derived bounds center","true","bounds","x[-17…-1] y[5…10] z[86…114]","Quarters, Dining & Medical","wft_35356c3c8a4be20b"
"PassageWay access","Raven Rock","RR-B3:ROOM:3:laundry-and-pharmacy","Quarters, Dining & Medical — Laundry and Pharmacy","room","complete","9, 8, 100","/tp @s 9 8 100","derived bounds center","true","bounds","x[0…17] y[5…10] z[86…114]","Quarters, Dining & Medical","wft_751fe0732a4a7a85"
"PassageWay access","Raven Rock","RR-B3:CIRCULATION","Quarters, Dining & Medical vertical circulation","custom","complete","0, 3, 100","/tp @s 0 3 100","derived bounds center","true","bounds","x[-18…18] y[-6…11] z[85…115]","Quarters, Dining & Medical","wft_34ea5b0b14be4746"
"PassageWay access","Raven Rock","raven-rock:DISTRICT","Raven Rock / Site R","district","complete","0, ~, 0","/tp @s 0 ~ 0","derived bounds center","true","bounds","x[-300…300] y[—] z[-300…300]","","wft_5789677296f4b494"
"PassageWay access","Raven Rock","RR-S1-STANDARD-PILOT","Raven Rock S1 Standard Section Pilot","custom","complete","143, -7, -14","/tp @s 143 -7 -14","derived bounds center","true","bounds","x[138…148] y[-12…-3] z[-18…-10]","Raven Rock / Site R","wft_2dabcc08291b676d"
"PassageWay access","Raven Rock","RR-T2B-LINER-PILOT-W2","Raven Rock T2b Tunnel-Within-Cavern Wave 2 Pilot","custom","complete","-145, 3, 187","/tp @s -145 3 187","path start","false","path","x[-145…-136] y[2…3] z[182…187] · 10 waypoints","Raven Rock / Site R","wft_dc5128edaa68c088"
"PassageWay access","Raven Rock","RR-N9","RR-Z5 Surface Head-House","custom","complete","200, 64, -15","/tp @s 200 64 -15","exact catalog point","false","point","x[200] y[64] z[-15]","Raven Rock / Site R","wft_44d36222eaa549e8"
"PassageWay access","Raven Rock","RR-Z5-F01","RR-Z5 switchback flight 1","custom","complete","200, -8, -15","/tp @s 200 -8 -15","derived bounds center","true","bounds","x[196…204] y[-11…-6] z[-19…-11]","Raven Rock / Site R","wft_118a6403cf3eb662"
"PassageWay access","Raven Rock","RR-Z5-F10","RR-Z5 switchback flight 10","custom","complete","200, 37, -15","/tp @s 200 37 -15","derived bounds center","true","bounds","x[196…204] y[34…39] z[-19…-11]","Raven Rock / Site R","wft_b782d973ccb5ebb2"
"PassageWay access","Raven Rock","RR-Z5-F11","RR-Z5 switchback flight 11","custom","complete","200, 42, -15","/tp @s 200 42 -15","derived bounds center","true","bounds","x[196…204] y[39…44] z[-19…-11]","Raven Rock / Site R","wft_af61bbee8ffeea10"
"PassageWay access","Raven Rock","RR-Z5-F12","RR-Z5 switchback flight 12","custom","complete","200, 47, -15","/tp @s 200 47 -15","derived bounds center","true","bounds","x[196…204] y[44…49] z[-19…-11]","Raven Rock / Site R","wft_0b688c6f6cfaa97b"
"PassageWay access","Raven Rock","RR-Z5-F13","RR-Z5 switchback flight 13","custom","complete","200, 52, -15","/tp @s 200 52 -15","derived bounds center","true","bounds","x[196…204] y[49…54] z[-19…-11]","Raven Rock / Site R","wft_50312e5c3977c385"
"PassageWay access","Raven Rock","RR-Z5-F14","RR-Z5 switchback flight 14","custom","complete","200, 57, -15","/tp @s 200 57 -15","derived bounds center","true","bounds","x[196…204] y[54…59] z[-19…-11]","Raven Rock / Site R","wft_2c630f10ea76f56b"
"PassageWay access","Raven Rock","RR-Z5-F15","RR-Z5 switchback flight 15","custom","complete","200, 62, -15","/tp @s 200 62 -15","derived bounds center","true","bounds","x[196…204] y[59…64] z[-19…-11]","Raven Rock / Site R","wft_a2bb19ae9437c192"
"PassageWay access","Raven Rock","RR-Z5-F02","RR-Z5 switchback flight 2","custom","complete","200, -3, -15","/tp @s 200 -3 -15","derived bounds center","true","bounds","x[196…204] y[-6…-1] z[-19…-11]","Raven Rock / Site R","wft_eea9739d79caf03d"
"PassageWay access","Raven Rock","RR-Z5-F03","RR-Z5 switchback flight 3","custom","complete","200, 2, -15","/tp @s 200 2 -15","derived bounds center","true","bounds","x[196…204] y[-1…4] z[-19…-11]","Raven Rock / Site R","wft_8fc9e967b14a2c70"
"PassageWay access","Raven Rock","RR-Z5-F04","RR-Z5 switchback flight 4","custom","complete","200, 7, -15","/tp @s 200 7 -15","derived bounds center","true","bounds","x[196…204] y[4…9] z[-19…-11]","Raven Rock / Site R","wft_a64ea88505d1e851"
"PassageWay access","Raven Rock","RR-Z5-F05","RR-Z5 switchback flight 5","custom","complete","200, 12, -15","/tp @s 200 12 -15","derived bounds center","true","bounds","x[196…204] y[9…14] z[-19…-11]","Raven Rock / Site R","wft_b0a492f6edba2c00"
"PassageWay access","Raven Rock","RR-Z5-F06","RR-Z5 switchback flight 6","custom","complete","200, 17, -15","/tp @s 200 17 -15","derived bounds center","true","bounds","x[196…204] y[14…19] z[-19…-11]","Raven Rock / Site R","wft_b392aa23d3fde7ce"
"PassageWay access","Raven Rock","RR-Z5-F07","RR-Z5 switchback flight 7","custom","complete","200, 22, -15","/tp @s 200 22 -15","derived bounds center","true","bounds","x[196…204] y[19…24] z[-19…-11]","Raven Rock / Site R","wft_709f93a8dede6451"
"PassageWay access","Raven Rock","RR-Z5-F08","RR-Z5 switchback flight 8","custom","complete","200, 27, -15","/tp @s 200 27 -15","derived bounds center","true","bounds","x[196…204] y[24…29] z[-19…-11]","Raven Rock / Site R","wft_20104d93a17832c1"
"PassageWay access","Raven Rock","RR-Z5-F09","RR-Z5 switchback flight 9","custom","complete","200, 32, -15","/tp @s 200 32 -15","derived bounds center","true","bounds","x[196…204] y[29…34] z[-19…-11]","Raven Rock / Site R","wft_7eee2db9b7d0e177"
"PassageWay access","Raven Rock","RR-S1","Shaft Spur to RR-Z5","custom","complete","75, -12, -15","/tp @s 75 -12 -15","path start","false","path","x[75…200] y[-12] z[-15] · 2 waypoints","Raven Rock / Site R","wft_e3b11ac695a940ef"
"PassageWay access","Raven Rock","RR-B2","Signal & Communications Center","building","complete","22, -7, -15","/tp @s 22 -7 -15","catalog entrance","false","bounds","x[22…54] y[-8…9] z[-30…0]","Raven Rock / Site R","wft_a1f6854f1d59cb06"
"PassageWay access","Raven Rock","RR-B2:ROOM:3:antenna-control","Signal & Communications Center — Antenna Control","room","complete","28, 6, -15","/tp @s 28 6 -15","derived bounds center","true","bounds","x[23…32] y[3…8] z[-29…-1]","Signal & Communications Center","wft_de110f9a5d2e58f9"
"PassageWay access","Raven Rock","RR-B2:ROOM:3:communications-archive","Signal & Communications Center — Communications Archive","room","complete","48, 6, -15","/tp @s 48 6 -15","derived bounds center","true","bounds","x[43…53] y[3…8] z[-29…-1]","Signal & Communications Center","wft_0b05ed947c7b37d0"
"PassageWay access","Raven Rock","RR-B2:ROOM:2:cryptography-office","Signal & Communications Center — Cryptography Office","room","complete","38, 0, -15","/tp @s 38 0 -15","derived bounds center","true","bounds","x[33…42] y[-2…1] z[-29…-1]","Signal & Communications Center","wft_a95a4ebe889462f3"
"PassageWay access","Raven Rock","RR-B2:ROOM:3:dispatch-office","Signal & Communications Center — Dispatch Office","room","complete","38, 6, -15","/tp @s 38 6 -15","derived bounds center","true","bounds","x[33…42] y[3…8] z[-29…-1]","Signal & Communications Center","wft_198f0f7d36741e5f"
"PassageWay access","Raven Rock","RR-B2:ROOM:1:equipment-hall","Signal & Communications Center — Equipment Hall","room","complete","28, -5, -15","/tp @s 28 -5 -15","derived bounds center","true","bounds","x[23…32] y[-7…-4] z[-29…-1]","Signal & Communications Center","wft_0e22417f5080df6d"
"PassageWay access","Raven Rock","RR-B2:ROOM:1:message-center","Signal & Communications Center — Message Center","room","complete","48, -5, -15","/tp @s 48 -5 -15","derived bounds center","true","bounds","x[43…53] y[-7…-4] z[-29…-1]","Signal & Communications Center","wft_ca6682e98a9dce06"
"PassageWay access","Raven Rock","RR-B2:ROOM:1:radio-bay","Signal & Communications Center — Radio Bay","room","complete","38, -5, -15","/tp @s 38 -5 -15","derived bounds center","true","bounds","x[33…42] y[-7…-4] z[-29…-1]","Signal & Communications Center","wft_3d3e50b0bd45a3f6"
"PassageWay access","Raven Rock","RR-B2:ROOM:2:signals-operations","Signal & Communications Center — Signals Operations","room","complete","28, 0, -15","/tp @s 28 0 -15","derived bounds center","true","bounds","x[23…32] y[-2…1] z[-29…-1]","Signal & Communications Center","wft_af11d951676f93a8"
"PassageWay access","Raven Rock","RR-B2:ROOM:2:technical-control","Signal & Communications Center — Technical Control","room","complete","48, 0, -15","/tp @s 48 0 -15","derived bounds center","true","bounds","x[43…53] y[-2…1] z[-29…-1]","Signal & Communications Center","wft_95d0bad4b649d453"
"PassageWay access","Raven Rock","RR-B2:CIRCULATION","Signal & Communications Center vertical circulation","custom","complete","38, 1, -15","/tp @s 38 1 -15","derived bounds center","true","bounds","x[22…54] y[-8…9] z[-30…0]","Signal & Communications Center","wft_d2e2bfd6920c8e4b"
"PassageWay access","Raven Rock","RR-N3","South Personnel Portal","custom","complete","-150, 18, 285","/tp @s -150 18 285","exact catalog point","false","point","x[-150] y[18] z[285]","Raven Rock / Site R","wft_06be5609ea967cb1"
"PassageWay access","Raven Rock","RR-T2b","South Personnel Tunnel — dogleg to Cavern B","custom","complete","-150, 2, 190","/tp @s -150 2 190","path start","false","path","x[-150…-45] y[-10…2] z[130…190] · 2 waypoints","Raven Rock / Site R","wft_6fe828ad5b844ead"
"PassageWay access","Raven Rock","RR-T2a","South Personnel Tunnel — portal to dogleg","custom","complete","-150, 18, 285","/tp @s -150 18 285","path start","false","path","x[-150] y[2…18] z[190…285] · 2 waypoints","Raven Rock / Site R","wft_1809f885809a727d"
"PassageWay access","Raven Rock","RR-Z5","Surface access shaft","building","complete","194, 65, -15","/tp @s 194 65 -15","catalog entrance","false","bounds","x[193…207] y[-12…67] z[-22…-8]","Raven Rock / Site R","wft_8900e6be60df012f"
"PassageWay access","Raven Rock","RR-Z5:CIRCULATION","Surface access shaft vertical circulation","custom","complete","200, ~, -15","/tp @s 200 ~ -15","derived bounds center","true","bounds","x[193…207] y[-12…67] z[-22…-8]","Surface access shaft","wft_99461e9d4b261b63"
"PassageWay access","Raven Rock","RR-J-T2-DOGLEG","T2 South Dogleg","custom","complete","-150, 2, 190","/tp @s -150 2 190","exact catalog point","false","point","x[-150] y[2] z[190]","Raven Rock / Site R","wft_9a4d26dc0349c679"
"PassageWay access","Raven Rock","RR-J-T3-S1","T3 / S1 East Junction","custom","complete","75, -12, -15","/tp @s 75 -12 -15","exact catalog point","false","point","x[75] y[-12] z[-15]","Raven Rock / Site R","wft_19d859f58ab6c629"
"PassageWay access","Raven Rock","RR-J-T4-BULKHEAD","T4 Aquifer Bulkhead","custom","complete","-278, 1, 3","/tp @s -278 1 3","exact catalog point","false","point","x[-278] y[1] z[3]","Raven Rock / Site R","wft_3a8c307a6b816bcf"
"PassageWay access","Raven Rock","RR-N6","West Utility Portal","custom","complete","-290, 10, 5","/tp @s -290 10 5","exact catalog point","false","point","x[-290] y[10] z[5]","Raven Rock / Site R","wft_b860404af0f321db"
"PassageWay access","Raven Rock","RR-T4","West Utility Tunnel","custom","complete","-290, 10, 5","/tp @s -290 10 5","path start","false","path","x[-290…-185] y[-18…10] z[-10…5] · 2 waypoints","Raven Rock / Site R","wft_05c4bfe609ebc02a"
"PassageWay access","Ravensreach","RRCH-MOOT","Moot Hall and Sanctum stack","building","complete","-85, 68, -370","/tp @s -85 68 -370","catalog entrance","false","bounds","x[-100…-70] y[24…98] z[-392…-341]","Ravensreach","wft_f9a228acf28fbf3f"
"PassageWay access","Ravensreach","RRCH-MOOT:ROOM:9:attic-store","Moot Hall and Sanctum stack — Attic Store","room","complete","-85, 91, -354","/tp @s -85 91 -354","derived bounds center","true","bounds","x[-99…-71] y[88…93] z[-366…-342]","Moot Hall and Sanctum stack","wft_93cd27a2d3f0f412"
"PassageWay access","Ravensreach","RRCH-MOOT:ROOM:4:b1-archive","Moot Hall and Sanctum stack — B1 Archive","room","complete","-85, 65, -379","/tp @s -85 65 -379","derived bounds center","true","bounds","x[-99…-71] y[63…66] z[-391…-367]","Moot Hall and Sanctum stack","wft_a3257f95a11796b1"
"PassageWay access","Ravensreach","RRCH-MOOT:ROOM:4:b1-assembly-hall","Moot Hall and Sanctum stack — B1 Assembly Hall","room","complete","-85, 65, -354","/tp @s -85 65 -354","derived bounds center","true","bounds","x[-99…-71] y[63…66] z[-366…-342]","Moot Hall and Sanctum stack","wft_d4102effcd7871c6"
"PassageWay access","Ravensreach","RRCH-MOOT:ROOM:3:b2-council-chamber","Moot Hall and Sanctum stack — B2 Council Chamber","room","complete","-85, 59, -379","/tp @s -85 59 -379","derived bounds center","true","bounds","x[-99…-71] y[56…61] z[-391…-367]","Moot Hall and Sanctum stack","wft_cdbff3bb868bc35f"
"PassageWay access","Ravensreach","RRCH-MOOT:ROOM:3:b2-service-gallery","Moot Hall and Sanctum stack — B2 Service Gallery","room","complete","-85, 59, -354","/tp @s -85 59 -354","derived bounds center","true","bounds","x[-99…-71] y[56…61] z[-366…-342]","Moot Hall and Sanctum stack","wft_86d022db6ea6d65d"
"PassageWay access","Ravensreach","RRCH-MOOT:ROOM:7:clerks-hall","Moot Hall and Sanctum stack — Clerks Hall","room","complete","-85, 81, -354","/tp @s -85 81 -354","derived bounds center","true","bounds","x[-99…-71] y[79…82] z[-366…-342]","Moot Hall and Sanctum stack","wft_a3a55cf533f58d29"
"PassageWay access","Ravensreach","RRCH-MOOT:ROOM:6:committee-room","Moot Hall and Sanctum stack — Committee Room","room","complete","-85, 76, -354","/tp @s -85 76 -354","derived bounds center","true","bounds","x[-99…-71] y[74…77] z[-366…-342]","Moot Hall and Sanctum stack","wft_981f3cbc1ec235cc"
"PassageWay access","Ravensreach","RRCH-MOOT:ROOM:6:first-floor-offices","Moot Hall and Sanctum stack — First-Floor Offices","room","complete","-85, 76, -379","/tp @s -85 76 -379","derived bounds center","true","bounds","x[-99…-71] y[74…77] z[-391…-367]","Moot Hall and Sanctum stack","wft_d8b0ea924ac17436"
"PassageWay access","Ravensreach","RRCH-MOOT:ROOM:5:ground-moot-chamber","Moot Hall and Sanctum stack — Ground Moot Chamber","room","complete","-85, 70, -379","/tp @s -85 70 -379","derived bounds center","true","bounds","x[-99…-71] y[68…72] z[-391…-367]","Moot Hall and Sanctum stack","wft_50e6d71ddb08b65e"
"PassageWay access","Ravensreach","RRCH-MOOT:ROOM:8:meeting-room","Moot Hall and Sanctum stack — Meeting Room","room","complete","-85, 85, -354","/tp @s -85 85 -354","derived bounds center","true","bounds","x[-99…-71] y[84…86] z[-366…-342]","Moot Hall and Sanctum stack","wft_9b7f1b4156e1e04b"
"PassageWay access","Ravensreach","RRCH-MOOT:ROOM:9:penthouse-hall","Moot Hall and Sanctum stack — Penthouse Hall","room","complete","-85, 91, -379","/tp @s -85 91 -379","derived bounds center","true","bounds","x[-99…-71] y[88…93] z[-391…-367]","Moot Hall and Sanctum stack","wft_942296992c3d1382"
"PassageWay access","Ravensreach","RRCH-MOOT:ROOM:2:processional-corridor","Moot Hall and Sanctum stack — Processional Corridor","room","complete","-85, 48, -366","/tp @s -85 48 -366","derived bounds center","true","bounds","x[-99…-71] y[42…54] z[-391…-342]","Moot Hall and Sanctum stack","wft_499f114bafe067f2"
"PassageWay access","Ravensreach","RRCH-MOOT:ROOM:5:public-foyer","Moot Hall and Sanctum stack — Public Foyer","room","complete","-85, 70, -354","/tp @s -85 70 -354","derived bounds center","true","bounds","x[-99…-71] y[68…72] z[-366…-342]","Moot Hall and Sanctum stack","wft_98e61245dbe1d647"
"PassageWay access","Ravensreach","RRCH-MOOT:ROOM:1:sanctum-nave","Moot Hall and Sanctum stack — Sanctum Nave","room","complete","-85, 35, -366","/tp @s -85 35 -366","derived bounds center","true","bounds","x[-99…-71] y[30…40] z[-391…-342]","Moot Hall and Sanctum stack","wft_aa772bc8e3d85fcc"
"PassageWay access","Ravensreach","RRCH-MOOT:ROOM:7:second-floor-gallery","Moot Hall and Sanctum stack — Second-Floor Gallery","room","complete","-85, 81, -379","/tp @s -85 81 -379","derived bounds center","true","bounds","x[-99…-71] y[79…82] z[-391…-367]","Moot Hall and Sanctum stack","wft_37d395c498632a6c"
"PassageWay access","Ravensreach","RRCH-MOOT:ROOM:8:third-floor-library","Moot Hall and Sanctum stack — Third-Floor Library","room","complete","-85, 85, -379","/tp @s -85 85 -379","derived bounds center","true","bounds","x[-99…-71] y[84…86] z[-391…-367]","Moot Hall and Sanctum stack","wft_6465e8ae4a87f96b"
"PassageWay access","Ravensreach","RRCH-MOOT:CIRCULATION","Moot Hall and Sanctum stack vertical circulation","custom","complete","-85, ~, -366","/tp @s -85 ~ -366","derived bounds center","true","bounds","x[-100…-70] y[24…98] z[-392…-341]","Moot Hall and Sanctum stack","wft_4ba174a43725f949"
"PassageWay access","Ravensreach","ravensreach:DISTRICT","Ravensreach","district","complete","-93, ~, -387","/tp @s -93 ~ -387","derived bounds center","true","bounds","x[-147…-40] y[—] z[-451…-324]","","wft_765a8ba187ea5019"
"PassageWay access","Ravensreach","RRCH-LIBRARY","Six-level civic library","building","complete","-128, 68, -424","/tp @s -128 68 -424","catalog entrance","false","bounds","x[-144…-111] y[44…110] z[-448…-426]","Ravensreach","wft_afc7c38c8e373bb8"
"PassageWay access","Ravensreach","RRCH-LIBRARY:ROOM:2:closed-archive","Six-level civic library — Closed Archive","room","complete","-127, 57, -437","/tp @s -127 57 -437","derived bounds center","true","bounds","x[-143…-112] y[54…59] z[-447…-427]","Six-level civic library","wft_ecb658b2f36cf1c1"
"PassageWay access","Ravensreach","RRCH-LIBRARY:ROOM:4:entrance-hall","Six-level civic library — Entrance Hall","room","complete","-135, 71, -437","/tp @s -135 71 -437","derived bounds center","true","bounds","x[-143…-128] y[68…74] z[-447…-427]","Six-level civic library","wft_e4b5dd990870afc2"
"PassageWay access","Ravensreach","RRCH-LIBRARY:ROOM:3:general-stacks","Six-level civic library — General Stacks","room","complete","-127, 64, -437","/tp @s -127 64 -437","derived bounds center","true","bounds","x[-143…-112] y[61…66] z[-447…-427]","Six-level civic library","wft_5da8d245bd32d833"
"PassageWay access","Ravensreach","RRCH-LIBRARY:ROOM:4:issue-desk","Six-level civic library — Issue Desk","room","complete","-119, 71, -437","/tp @s -119 71 -437","derived bounds center","true","bounds","x[-127…-112] y[68…74] z[-447…-427]","Six-level civic library","wft_cf85b68faa9cb5b4"
"PassageWay access","Ravensreach","RRCH-LIBRARY:ROOM:6:map-room","Six-level civic library — Map Room","room","complete","-119, 87, -437","/tp @s -119 87 -437","derived bounds center","true","bounds","x[-127…-112] y[84…89] z[-447…-427]","Six-level civic library","wft_59fe42f0f4376c44"
"PassageWay access","Ravensreach","RRCH-LIBRARY:ROOM:6:rare-books","Six-level civic library — Rare Books","room","complete","-135, 87, -437","/tp @s -135 87 -437","derived bounds center","true","bounds","x[-143…-128] y[84…89] z[-447…-427]","Six-level civic library","wft_26f41db3dcee714f"
"PassageWay access","Ravensreach","RRCH-LIBRARY:ROOM:1:rare-book-vault","Six-level civic library — Rare-Book Vault","room","complete","-127, 50, -437","/tp @s -127 50 -437","derived bounds center","true","bounds","x[-143…-112] y[47…52] z[-447…-427]","Six-level civic library","wft_fb2a91b41ecf7fd4"
"PassageWay access","Ravensreach","RRCH-LIBRARY:ROOM:5:reading-room","Six-level civic library — Reading Room","room","complete","-127, 79, -437","/tp @s -127 79 -437","derived bounds center","true","bounds","x[-143…-112] y[76…82] z[-447…-427]","Six-level civic library","wft_27673a9a9ff4ba17"
"PassageWay access","Ravensreach","RRCH-LIBRARY:CIRCULATION","Six-level civic library vertical circulation","custom","complete","-127, ~, -437","/tp @s -127 ~ -437","derived bounds center","true","bounds","x[-144…-111] y[44…110] z[-448…-426]","Six-level civic library","wft_8b7251959bd84e1d"
"PassageWay access","Town Expansion R1","c01_east_l1_security_garage","C01 East L1 Security Garage","custom","complete","800, 48, -72","/tp @s 800 48 -72","derived bounds center","true","bounds","x[700…900] y[42…53] z[-140…-5]","","wft_19d3fbdd31eb7904f9db5e28"
"PassageWay access","Town Expansion R1","c01_east_l2_living_adult","C01 East L2 Living Adult","custom","complete","800, 37, -72","/tp @s 800 37 -72","derived bounds center","true","bounds","x[700…900] y[33…41] z[-140…-5]","","wft_c51b9048b8379ff157039fc3"
"PassageWay access","Town Expansion R1","c01_east_l3_agriculture_water","C01 East L3 Agriculture Water","custom","complete","800, 28, -73","/tp @s 800 28 -73","derived bounds center","true","bounds","x[700…900] y[24…32] z[-141…-5]","","wft_5300f8534917f124fca2f5ff"
"PassageWay access","Town Expansion R1","c01_east_l4_command_medical","C01 East L4 Command Medical","custom","complete","778, 19, -44","/tp @s 778 19 -44","derived bounds center","true","bounds","x[702…854] y[15…23] z[-70…-19]","","wft_ef265e264e1a356dfc68e324"
"PassageWay access","Town Expansion R1","c01_east_l5_power_escape","C01 East L5 Power Escape","custom","complete","779, 10, -44","/tp @s 779 10 -44","derived bounds center","true","bounds","x[703…854] y[6…14] z[-68…-20]","","wft_5073ab1978d5ed1db3b94009"
"PassageWay access","Town Expansion R1","c01_owner_club_arrival","C01 Owner Club Arrival","custom","complete","786, -5, -43","/tp @s 786 -5 -43","derived bounds center","true","bounds","x[721…850] y[-14…4] z[-64…-22]","","wft_8a37bcc36c9fa5a632d7f46d"
"PassageWay access","Town Expansion R1","c01_owner_residence","C01 Owner Residence","custom","complete","805, -24, -42","/tp @s 805 -24 -42","derived bounds center","true","bounds","x[714…895] y[-31…-18] z[-74…-10]","","wft_8aa64b82d27c50f069ff5765"
"PassageWay access","Town Expansion R1","c01_owner_tunnel_detour","C01 Owner Tunnel Detour","custom","complete","541, -41, 6","/tp @s 541 -41 6","derived bounds center","true","bounds","x[364…718] y[-45…-37] z[-46…58]","","wft_e11000916d2287061da769f9"
"PassageWay access","Town Expansion R1","OWNER-CITY-SALES-OFFICE-01","Founders' Gallery Sales Office","room","complete","92, -39, -215","/tp @s 92 -39 -215","derived bounds center","true","bounds","x[78…106] y[-46…-33] z[-227…-204]","","wft_e487ee9e9ad177980db7fb3d"
"PassageWay access","Town Expansion R1","GRT-OWNER-GRAND-DESCENT","Gilded Raven Owner Grand Descent","road","complete","-10, ~, -391","/tp @s -10 ~ -391","derived bounds center","true","bounds","x[-34…14] y[-46…67] z[-400…-383]","","wft_51a55ee2f8d8d121a65e4c7b"
"PassageWay access","Town Expansion R1","RRCH-GILDED-RAVEN","Gilded Raven Theatre House","building","complete","-8, ~, -376","/tp @s -8 ~ -376","derived bounds center","true","bounds","x[-34…18] y[40…110] z[-402…-350]","","wft_83075e1870cc5501048a118a"
"PassageWay access","Town Expansion R1","OWNER-CORRIDOR-GRT-OBS-01","Gilded Raven–Observatory Owner Corridor","custom","complete","177, -41, -112","/tp @s 177 -41 -112","derived bounds center","true","bounds","x[-14…367] y[-46…-37] z[-394…169]","","wft_d8ff315276a6b73ea6713910"
"PassageWay access","Town Expansion R1","OBS-OWNER-EAST-ARRIVAL-GALLERY","Observatory Owner East Arrival Gallery","custom","complete","309, 115, 165","/tp @s 309 115 165","derived bounds center","true","bounds","x[269…348] y[109…120] z[156…174]","","wft_c6c27d87d93e9c65ab78d262"
"PassageWay access","Town Expansion R1","OBS-OWNER-EAST-ASCENT","Observatory Owner East Ascent","road","complete","363, ~, 165","/tp @s 363 ~ 165","derived bounds center","true","bounds","x[348…377] y[-46…112] z[150…180]","","wft_a639d847ff4c4a3d2f4b5445"
"PassageWay access","Town Expansion R1","OWNER-REST-A","Owner Corridor Rest Suite A","room","complete","34, -40, -341","/tp @s 34 -40 -341","derived bounds center","true","bounds","x[20…48] y[-46…-34] z[-351…-331]","","wft_b2ac91d039351e487abdc613"
"PassageWay access","Town Expansion R1","OWNER-REST-B","Owner Corridor Rest Suite B","room","complete","34, -40, -259","/tp @s 34 -40 -259","derived bounds center","true","bounds","x[20…48] y[-46…-34] z[-269…-249]","","wft_c82d377bd13b99e90403c291"
"PassageWay access","Town Expansion R1","OWNER-REST-C","Owner Corridor Rest Suite C","room","complete","172, -40, -151","/tp @s 172 -40 -151","derived bounds center","true","bounds","x[157…186] y[-46…-34] z[-161…-141]","","wft_c094a31ff3aae18fe145c70e"
"PassageWay access","Town Expansion R1","OWNER-REST-D","Owner Corridor Rest Suite D","room","complete","172, -40, -101","/tp @s 172 -40 -101","derived bounds center","true","bounds","x[157…186] y[-46…-34] z[-111…-91]","","wft_00978c20fa7f7d296394b08e"
"PassageWay access","Town Expansion R1","OWNER-REST-E","Owner Corridor Rest Suite E","room","complete","187, -40, 40","/tp @s 187 -40 40","derived bounds center","true","bounds","x[172…201] y[-46…-34] z[30…50]","","wft_06434e036a79cd6cece9341d"
"PassageWay access","Town Expansion R1","OWNER-REST-F","Owner Corridor Rest Suite F","room","complete","250, -40, 72","/tp @s 250 -40 72","derived bounds center","true","bounds","x[235…264] y[-46…-34] z[62…82]","","wft_38145fb8e340a8abb1780887"
"PassageWay access","Town Expansion R1","OWNER-REST-G","Owner Corridor Rest Suite G","room","complete","341, -40, 100","/tp @s 341 -40 100","derived bounds center","true","bounds","x[326…355] y[-46…-34] z[90…110]","","wft_6afdc7e9c2f3d4ad9bbe92ea"
"PassageWay access","Town Expansion R1","TE-GUILDHALL-01","Te Guildhall 01","custom","complete","-35, ~, -435","/tp @s -35 ~ -435","derived bounds center","true","bounds","x[-65…-6] y[51…99] z[-463…-408]","","wft_17f5393002c3b0d92ad6a993"
"PassageWay access","Town Expansion R1","TE-IA-CONCORD","Te Ia Concord","custom","complete","704, ~, -387","/tp @s 704 ~ -387","derived bounds center","true","bounds","x[600…808] y[39…90] z[-428…-346]","","wft_a44ea50e51e50fb9e648b32c"
"PassageWay access","Town Expansion R1","TE-IA-CONCORD-BAR","Te Ia Concord Bar","custom","complete","663, ~, -360","/tp @s 663 ~ -360","derived bounds center","true","bounds","x[649…676] y[49…83] z[-370…-350]","","wft_f23f0671539fbf374976b33c"
"PassageWay access","Town Expansion R1","TE-IA-CONCORD-BROADCAST-EXCHANGE","Te Ia Concord Broadcast Exchange","custom","complete","705, ~, -387","/tp @s 705 ~ -387","derived bounds center","true","bounds","x[680…730] y[38…145] z[-425…-350]","","wft_6283967061519abb490989b4"
"PassageWay access","Town Expansion R1","TE-IA-CONCORD-DANCE","Te Ia Concord Dance","custom","complete","791, 74, -374","/tp @s 791 74 -374","derived bounds center","true","bounds","x[773…809] y[65…82] z[-386…-362]","","wft_bcb38c71aedf9111137043d8"
"PassageWay access","Town Expansion R1","TE-IA-CONCORD-GAS","Te Ia Concord Gas","custom","complete","663, 74, -406","/tp @s 663 74 -406","derived bounds center","true","bounds","x[649…676] y[65…82] z[-416…-396]","","wft_80001e42863c55b3d6e9c501"
"PassageWay access","Town Expansion R1","TE-IA-CONCORD-MOTEL","Te Ia Concord Motel","custom","complete","752, 70, -367","/tp @s 752 70 -367","derived bounds center","true","bounds","x[730…773] y[60…80] z[-386…-349]","","wft_c3d73391ef36988b1fc5cbf2"
"PassageWay access","Town Expansion R1","TE-IA-CONCORD-POST","Te Ia Concord Post","custom","complete","663, 74, -382","/tp @s 663 74 -382","derived bounds center","true","bounds","x[649…676] y[66…82] z[-391…-373]","","wft_2fa49db3fa5dcef7ac27b098"
"PassageWay access","Town Expansion R1","TE-IA-CONCORD-SOUNDSTAGE-ANNEX","Te Ia Concord Soundstage Annex","custom","complete","730, ~, -458","/tp @s 730 ~ -458","derived bounds center","true","bounds","x[656…804] y[49…96] z[-491…-425]","","wft_751c71fcc48f650bf0a65e55"
"PassageWay access","Town Expansion R1","TE-IA-CONCORD-THEATER","Te Ia Concord Theater","custom","complete","791, 70, -407","/tp @s 791 70 -407","derived bounds center","true","bounds","x[773…809] y[58…81] z[-426…-389]","","wft_9919f85802f9e06f2245a63e"
"PassageWay access","Town Expansion R1","TE-IA-DATA-DM02","Te Ia Data Dm02","custom","complete","789, ~, -682","/tp @s 789 ~ -682","derived bounds center","true","bounds","x[767…811] y[47…92] z[-701…-663]","","wft_9d7321dcf2c3ac8c08009b3a"
"PassageWay access","Town Expansion R1","TE-IA-DATA-DM08","Te Ia Data Dm08","custom","complete","883, ~, -639","/tp @s 883 ~ -639","derived bounds center","true","bounds","x[861…905] y[53…86] z[-658…-620]","","wft_acae1a7b4b911ec417a58e5b"
"PassageWay access","Town Expansion R1","TE-IA-DATA-DM14","Te Ia Data Dm14","custom","complete","883, ~, -424","/tp @s 883 ~ -424","derived bounds center","true","bounds","x[861…905] y[46…92] z[-443…-405]","","wft_6c8977a49719ddbc5b9935a1"
"PassageWay access","Town Expansion R1","TE-IA-DATA-DM41","Te Ia Data Dm41","custom","complete","883, ~, -338","/tp @s 883 ~ -338","derived bounds center","true","bounds","x[861…905] y[48…90] z[-357…-319]","","wft_bb3c6b0c0d60eaea3e718444"
"PassageWay access","Town Expansion R1","TE-IA-DISTRICT-WORKER-COMMONS","Te Ia District Worker Commons","custom","complete","1024, ~, -366","/tp @s 1024 ~ -366","derived bounds center","true","bounds","x[790…1258] y[43…97] z[-544…-189]","","wft_44dbb1a1d18f847b774b3548"
"PassageWay access","Town Expansion R1","TE-IA-HOLDOUT-HOME-SHELTER","Te Ia Holdout Home Shelter","custom","complete","613, ~, -145","/tp @s 613 ~ -145","derived bounds center","true","bounds","x[602…624] y[38…72] z[-160…-130]","","wft_56f9d65714d58900acfb00f2"
"PassageWay access","Town Expansion R1","TE-IA-INFO-ANNEX","Te Ia Info Annex","custom","complete","774, ~, -473","/tp @s 774 ~ -473","derived bounds center","true","bounds","x[744…804] y[20…80] z[-512…-435]","","wft_34bb2f2ccfe633b5a0f5dcd5"
"PassageWay access","Town Expansion R1","TE-LIB-GUILD-SECRET-01","Te Lib Guild Secret 01","custom","complete","-84, 61, -432","/tp @s -84 61 -432","derived bounds center","true","bounds","x[-111…-58] y[58…64] z[-442…-423]","","wft_90156d34b46103d92276ddd6"
"PassageWay access","Town Expansion R1","TE-LIBRARY-04X","Te Library 04x","custom","complete","-144, ~, -425","/tp @s -144 ~ -425","derived bounds center","true","bounds","x[-178…-111] y[44…91] z[-448…-403]","","wft_d77a45a35fd2bf34fca52206"
"PassageWay access","Town Expansion R1","TE-LIBRARY-TERRACE","Te Library Terrace","custom","complete","-102, 75, -439","/tp @s -102 75 -439","derived bounds center","true","bounds","x[-110…-94] y[67…82] z[-447…-432]","","wft_58d0517cf960753eef3d41e3"
"PassageWay access","Town Expansion R1","TE-MSA-B01-GUEST-SERVICES-DESTINATION","Te Msa B01 Guest Services Destination","custom","complete","0, ~, 128","/tp @s 0 ~ 128","derived bounds center","true","bounds","x[-72…72] y[50…100] z[90…166]","","wft_26fe79111710bee470dcccee"
"PassageWay access","Town Expansion R1","TE-MSA-UW01-DRY-CORE","Te Msa Uw01 Dry Core","custom","complete","60, ~, 245","/tp @s 60 ~ 245","derived bounds center","true","bounds","x[31…88] y[40…74] z[193…296]","","wft_80a7b747356f598b057f262a"
"PassageWay access","Town Expansion R1","TE-MSA-UW01-DRY-EAST-WINGS","Te Msa Uw01 Dry East Wings","custom","complete","106, 50, 248","/tp @s 106 50 248","derived bounds center","true","bounds","x[86…125] y[40…60] z[200…296]","","wft_057ffc501ef2511c90fc65b8"
"PassageWay access","Town Expansion R1","TE-OASIS-BUNKER-01","Te Oasis Bunker 01","custom","complete","-230, 57, -530","/tp @s -230 57 -530","derived bounds center","true","bounds","x[-252…-208] y[44…69] z[-548…-513]","","wft_888d86906a1650138d84742b"
"PassageWay access","Town Expansion R1","TE-OBS-OWNER-EAST-ARRIVAL-GALLERY","Te Obs Owner East Arrival Gallery","custom","complete","311, 115, 164","/tp @s 311 115 164","derived bounds center","true","bounds","x[268…354] y[109…120] z[153…174]","","wft_cf4898921edf4770254e1de2"
"PassageWay access","Town Expansion R1","TE-OBS-OWNER-EAST-ASCENT","Te Obs Owner East Ascent","custom","complete","363, ~, 166","/tp @s 363 ~ 166","derived bounds center","true","bounds","x[348…377] y[-46…119] z[150…181]","","wft_7d8b2f5cbd94a13eca2d958f"
"PassageWay access","Town Expansion R1","TE-OBS-OWNER-MEGA-ESTATE","Te Obs Owner Mega Estate","custom","complete","210, ~, 169","/tp @s 210 ~ 169","derived bounds center","true","bounds","x[149…271] y[75…127] z[124…214]","","wft_b5bd4f7245692e59a75019a9"
"PassageWay access","Town Expansion R1","TE-OBS-OWNER-RED-ROOM","Te Obs Owner Red Room","custom","complete","162, 116, 163","/tp @s 162 116 163","derived bounds center","true","bounds","x[152…171] y[113…118] z[150…175]","","wft_6c8a3488e4855f87df912992"
"PassageWay access","Town Expansion R1","TE-OBS-OWNER-SPA","Te Obs Owner Spa","custom","complete","162, 111, 208","/tp @s 162 111 208","derived bounds center","true","bounds","x[149…175] y[105…117] z[195…221]","","wft_c4f5552969c9529f04cda90a"
"PassageWay access","Town Expansion R1","TE-OBS-OWNER-SPA-POOL","Te Obs Owner Spa Pool","custom","complete","159, 108, 204","/tp @s 159 108 204","derived bounds center","true","bounds","x[151…167] y[106…109] z[197…211]","","wft_806b091bfcdcf7df3702c982"
"PassageWay access","Town Expansion R1","TE-OBS-PORTAL-DATACAMPUS","Te Obs Portal Datacampus","custom","complete","238, 83, 136","/tp @s 238 83 136","derived bounds center","true","bounds","x[230…245] y[78…88] z[123…148]","","wft_abf38d79c078ed5aff92dca7"
"PassageWay access","Town Expansion R1","TE-OBS-PORTAL-HUB-CENTRAL","Te Obs Portal Hub Central","custom","complete","240, 83, 155","/tp @s 240 83 155","derived bounds center","true","bounds","x[230…250] y[78…88] z[145…165]","","wft_4a5e81e42e1277c2ab21bdd6"
"PassageWay access","Town Expansion R1","TE-OBS-PORTAL-MAINSTREET","Te Obs Portal Mainstreet","custom","complete","258, 83, 153","/tp @s 258 83 153","derived bounds center","true","bounds","x[246…270] y[78…88] z[145…160]","","wft_2507808d6e56ecd07760934f"
"PassageWay access","Town Expansion R1","TE-OBS-PORTAL-PANORAMA","Te Obs Portal Panorama","custom","complete","222, 83, 155","/tp @s 222 83 155","derived bounds center","true","bounds","x[210…234] y[78…88] z[145…165]","","wft_48c003dacec10aa8ea560c6e"
"PassageWay access","Town Expansion R1","TE-OBS-PORTAL-RAVENROCK","Te Obs Portal Ravenrock","custom","complete","258, 83, 170","/tp @s 258 83 170","derived bounds center","true","bounds","x[246…270] y[78…88] z[162…177]","","wft_b1cdaf20d4992edeb9e922ea"
"PassageWay access","Town Expansion R1","TE-OBS-PORTAL-RAVENSREACH","Te Obs Portal Ravensreach","custom","complete","238, 83, 175","/tp @s 238 83 175","derived bounds center","true","bounds","x[230…245] y[78…88] z[162…187]","","wft_5cd4a2b1eab29c5b525db0ae"
"PassageWay access","Town Expansion R1","TE-OBS-PORTAL-SECRET-PASSAGE","Te Obs Portal Secret Passage","custom","complete","222, 102, 150","/tp @s 222 102 150","derived bounds center","true","bounds","x[211…232] y[89…114] z[145…155]","","wft_3eb5a210ffa56f94440ddd64"
"PassageWay access","Town Expansion R1","TE-OBS-PORTAL-SPARE-A","Te Obs Portal Spare A","custom","complete","253, 83, 136","/tp @s 253 83 136","derived bounds center","true","bounds","x[247…258] y[78…88] z[123…148]","","wft_fd38d0347b82a7e93a31b145"
"PassageWay access","Town Expansion R1","TE-OBS-PORTAL-SPARE-B","Te Obs Portal Spare B","custom","complete","265, 83, 136","/tp @s 265 83 136","derived bounds center","true","bounds","x[260…270] y[78…88] z[123…148]","","wft_806b36dbd1dda606403cfb99"
"PassageWay access","Town Expansion R1","TE-OBS-PORTAL-WESTLIGHT","Te Obs Portal Westlight","custom","complete","220, 83, 177","/tp @s 220 83 177","derived bounds center","true","bounds","x[210…229] y[78…88] z[166…187]","","wft_f0a1d2ae4e2292a3dabda154"
"PassageWay access","Town Expansion R1","TE-OWNER-CITY-SALES-OFFICE","Te Owner City Sales Office","custom","complete","92, -39, -216","/tp @s 92 -39 -216","derived bounds center","true","bounds","x[78…106] y[-46…-33] z[-230…-203]","","wft_766495459331f52b4ee2f24e"
"PassageWay access","Town Expansion R1","TE-OWNER-CORRIDOR-GRT-OBS","Te Owner Corridor Grt Obs","custom","complete","179, -41, -118","/tp @s 179 -41 -118","derived bounds center","true","bounds","x[-10…368] y[-46…-37] z[-395…159]","","wft_f34a18cf610099a86a07d724"
"PassageWay access","Town Expansion R1","TE-OWNER-CORRIDOR-REST-A","Te Owner Corridor Rest A","custom","complete","38, -40, -341","/tp @s 38 -40 -341","derived bounds center","true","bounds","x[20…55] y[-46…-34] z[-351…-331]","","wft_b675295bfe63ad37ff18a4a6"
"PassageWay access","Town Expansion R1","TE-OWNER-CORRIDOR-REST-B","Te Owner Corridor Rest B","custom","complete","38, -40, -259","/tp @s 38 -40 -259","derived bounds center","true","bounds","x[20…55] y[-46…-34] z[-269…-249]","","wft_90293fdb01303b86a03841bb"
"PassageWay access","Town Expansion R1","TE-OWNER-CORRIDOR-REST-C","Te Owner Corridor Rest C","custom","complete","168, -40, -151","/tp @s 168 -40 -151","derived bounds center","true","bounds","x[150…186] y[-46…-34] z[-161…-141]","","wft_4df09e17917bad9b48898a99"
"PassageWay access","Town Expansion R1","TE-OWNER-CORRIDOR-REST-D","Te Owner Corridor Rest D","custom","complete","168, -40, -101","/tp @s 168 -40 -101","derived bounds center","true","bounds","x[150…186] y[-46…-34] z[-111…-91]","","wft_72f0bed26b36e7268a55430a"
"PassageWay access","Town Expansion R1","TE-OWNER-CORRIDOR-REST-E","Te Owner Corridor Rest E","custom","complete","187, -40, 43","/tp @s 187 -40 43","derived bounds center","true","bounds","x[172…201] y[-46…-34] z[30…55]","","wft_2bdb1133a670163716ae7cdb"
"PassageWay access","Town Expansion R1","TE-OWNER-CORRIDOR-REST-F","Te Owner Corridor Rest F","custom","complete","250, -40, 69","/tp @s 250 -40 69","derived bounds center","true","bounds","x[235…264] y[-46…-34] z[55…82]","","wft_0637839e54c885a6b5b2968e"
"PassageWay access","Town Expansion R1","TE-OWNER-CORRIDOR-REST-G","Te Owner Corridor Rest G","custom","complete","345, -40, 100","/tp @s 345 -40 100","derived bounds center","true","bounds","x[326…363] y[-46…-34] z[90…110]","","wft_a82f14d7de363329092d66bf"
"PassageWay access","Town Expansion R1","TE-RR-MODERN-CORRIDOR-PILOT-01","Te Rr Modern Corridor Pilot 01","custom","complete","-140, 5, 185","/tp @s -140 5 185","derived bounds center","true","bounds","x[-145…-136] y[1…8] z[179…190]","","wft_a6418ebc21d709b30e8a0ec2"
"PassageWay access","Town Expansion R1","TE-RRCH-GILDED-RAVEN","Te Rrch Gilded Raven","custom","complete","-8, ~, -371","/tp @s -8 ~ -371","derived bounds center","true","bounds","x[-34…18] y[-46…110] z[-402…-340]","","wft_1a02a044d67c352dc41ad563"
"PassageWay access","Town Expansion R1","TE-WL-FREIGHT","Te Wl Freight","custom","complete","-273, ~, -545","/tp @s -273 ~ -545","derived bounds center","true","bounds","x[-347…-200] y[7…76] z[-620…-471]","","wft_9cd3dafe51dacced6995b5c5"
"PassageWay access","Town Expansion R1","TE-WL-LANTERN-STUDIO","Te Wl Lantern Studio","custom","complete","-422, ~, -569","/tp @s -422 ~ -569","derived bounds center","true","bounds","x[-443…-401] y[35…78] z[-589…-550]","","wft_e169669a885af454be6a5eaa"
"PassageWay access","Town Expansion R1","TE-WL-VENUE-BASEMENTS","Te Wl Venue Basements","custom","complete","-360, 9, -595","/tp @s -360 9 -595","derived bounds center","true","bounds","x[-384…-336] y[-5…22] z[-611…-579]","","wft_33f7bdd15973d262cabcd1bc"
"PassageWay access","Westlight Venue","WL-THEATRE","Below-grade theatre and lobbies","building","complete","-354, 68, -498","/tp @s -354 68 -498","catalog entrance","false","bounds","x[-421…-299] y[18…50] z[-613…-498]","Westlight Theatre / Stadium","wft_07caa7ee6f7e7168"
"PassageWay access","Westlight Venue","WL-THEATRE:ROOM:2:auditorium-parterre","Below-grade theatre and lobbies — Auditorium Parterre","room","complete","-330, 35, -555","/tp @s -330 35 -555","derived bounds center","true","bounds","x[-360…-300] y[30…39] z[-612…-499]","Below-grade theatre and lobbies","wft_8b948978d9303e6a"
"PassageWay access","Westlight Venue","WL-THEATRE:ROOM:1:backstage-service","Below-grade theatre and lobbies — Backstage Service","room","complete","-330, 24, -555","/tp @s -330 24 -555","derived bounds center","true","bounds","x[-360…-300] y[19…28] z[-612…-499]","Below-grade theatre and lobbies","wft_973dcc5911f78618"
"PassageWay access","Westlight Venue","WL-THEATRE:ROOM:3:balcony","Below-grade theatre and lobbies — Balcony","room","complete","-330, 44, -555","/tp @s -330 44 -555","derived bounds center","true","bounds","x[-360…-300] y[41…46] z[-612…-499]","Below-grade theatre and lobbies","wft_d0960350546422d6"
"PassageWay access","Westlight Venue","WL-THEATRE:ROOM:1:lower-lobby","Below-grade theatre and lobbies — Lower Lobby","room","complete","-390, 24, -555","/tp @s -390 24 -555","derived bounds center","true","bounds","x[-420…-361] y[19…28] z[-612…-499]","Below-grade theatre and lobbies","wft_72a63ae33ab19676"
"PassageWay access","Westlight Venue","WL-THEATRE:ROOM:2:orchestra-lobby","Below-grade theatre and lobbies — Orchestra Lobby","room","complete","-390, 35, -555","/tp @s -390 35 -555","derived bounds center","true","bounds","x[-420…-361] y[30…39] z[-612…-499]","Below-grade theatre and lobbies","wft_8c16939ea27c6794"
"PassageWay access","Westlight Venue","WL-THEATRE:ROOM:3:upper-lobby","Below-grade theatre and lobbies — Upper Lobby","room","complete","-390, 44, -555","/tp @s -390 44 -555","derived bounds center","true","bounds","x[-420…-361] y[41…46] z[-612…-499]","Below-grade theatre and lobbies","wft_68d88a92e4bd7589"
"PassageWay access","Westlight Venue","WL-THEATRE:CIRCULATION","Below-grade theatre and lobbies vertical circulation","custom","complete","-360, 34, -555","/tp @s -360 34 -555","derived bounds center","true","bounds","x[-421…-299] y[18…50] z[-613…-498]","Below-grade theatre and lobbies","wft_0266ccaedc196a05"
"PassageWay access","Westlight Venue","WL-CLUB","Members club","building","complete","-408, 36, -560","/tp @s -408 36 -560","catalog entrance","false","bounds","x[-417…-400] y[35…44] z[-566…-550]","Westlight Theatre / Stadium","wft_b675d599939e831f"
"PassageWay access","Westlight Venue","WL-CLUB:ROOM:1:bar-and-dance-floor","Members club — Bar and Dance Floor","room","complete","-404, 38, -558","/tp @s -404 38 -558","derived bounds center","true","bounds","x[-408…-401] y[36…39] z[-565…-551]","Members club","wft_e12d8e2aa03a4f68"
"PassageWay access","Westlight Venue","WL-CLUB:ROOM:2:club-landing","Members club — Club Landing","room","complete","-404, 42, -558","/tp @s -404 42 -558","derived bounds center","true","bounds","x[-408…-401] y[41…43] z[-565…-551]","Members club","wft_bc405352fcb3e52f"
"PassageWay access","Westlight Venue","WL-CLUB:ROOM:1:members-lounge","Members club — Members Lounge","room","complete","-412, 38, -558","/tp @s -412 38 -558","derived bounds center","true","bounds","x[-416…-409] y[36…39] z[-565…-551]","Members club","wft_047855d00ab7c86f"
"PassageWay access","Westlight Venue","WL-CLUB:ROOM:2:private-balcony","Members club — Private Balcony","room","complete","-412, 42, -558","/tp @s -412 42 -558","derived bounds center","true","bounds","x[-416…-409] y[41…43] z[-565…-551]","Members club","wft_1325c3100cde4552"
"PassageWay access","Westlight Venue","WL-CLUB:CIRCULATION","Members club vertical circulation","custom","complete","-408, 40, -558","/tp @s -408 40 -558","derived bounds center","true","bounds","x[-417…-400] y[35…44] z[-566…-550]","Members club","wft_f2ca588cd5e07afc"
"PassageWay access","Westlight Venue","WL-BOWL","Stadium bowl and concourses","building","complete","-359, 68, -498","/tp @s -359 68 -498","catalog entrance","false","bounds","x[-429…-291] y[55…91] z[-629…-491]","Westlight Theatre / Stadium","wft_7f14885ad01afaf7"
"PassageWay access","Westlight Venue","WL-BOWL:ROOM:4:crown-walk","Stadium bowl and concourses — Crown Walk","room","complete","-394, 86, -560","/tp @s -394 86 -560","derived bounds center","true","bounds","x[-428…-361] y[83…88] z[-628…-492]","Stadium bowl and concourses","wft_f3bbc28662b869d5"
"PassageWay access","Westlight Venue","WL-BOWL:ROOM:1:field-level","Stadium bowl and concourses — Field Level","room","complete","-394, 63, -560","/tp @s -394 63 -560","derived bounds center","true","bounds","x[-428…-361] y[59…66] z[-628…-492]","Stadium bowl and concourses","wft_ee7e8ef9ac7d62ee"
"PassageWay access","Westlight Venue","WL-BOWL:ROOM:2:main-concourse","Stadium bowl and concourses — Main Concourse","room","complete","-394, 71, -560","/tp @s -394 71 -560","derived bounds center","true","bounds","x[-428…-361] y[68…74] z[-628…-492]","Stadium bowl and concourses","wft_21234f23fed086ac"
"PassageWay access","Westlight Venue","WL-BOWL:ROOM:3:members-terrace","Stadium bowl and concourses — Members Terrace","room","complete","-326, 79, -560","/tp @s -326 79 -560","derived bounds center","true","bounds","x[-360…-292] y[76…81] z[-628…-492]","Stadium bowl and concourses","wft_838832fe4a0a2fbb"
"PassageWay access","Westlight Venue","WL-BOWL:ROOM:4:press-gallery","Stadium bowl and concourses — Press Gallery","room","complete","-326, 86, -560","/tp @s -326 86 -560","derived bounds center","true","bounds","x[-360…-292] y[83…88] z[-628…-492]","Stadium bowl and concourses","wft_4dda6a096d8b8ab0"
"PassageWay access","Westlight Venue","WL-BOWL:ROOM:1:service-ring","Stadium bowl and concourses — Service Ring","room","complete","-326, 63, -560","/tp @s -326 63 -560","derived bounds center","true","bounds","x[-360…-292] y[59…66] z[-628…-492]","Stadium bowl and concourses","wft_ab027f1d79f99549"
"PassageWay access","Westlight Venue","WL-BOWL:ROOM:2:south-vomitory","Stadium bowl and concourses — South Vomitory","room","complete","-326, 71, -560","/tp @s -326 71 -560","derived bounds center","true","bounds","x[-360…-292] y[68…74] z[-628…-492]","Stadium bowl and concourses","wft_c792b50502518812"
"PassageWay access","Westlight Venue","WL-BOWL:ROOM:3:upper-concourse","Stadium bowl and concourses — Upper Concourse","room","complete","-394, 79, -560","/tp @s -394 79 -560","derived bounds center","true","bounds","x[-428…-361] y[76…81] z[-628…-492]","Stadium bowl and concourses","wft_4fa1f631dbc5c98e"
"PassageWay access","Westlight Venue","WL-BOWL:CIRCULATION","Stadium bowl and concourses vertical circulation","custom","complete","-360, ~, -560","/tp @s -360 ~ -560","derived bounds center","true","bounds","x[-429…-291] y[55…91] z[-629…-491]","Stadium bowl and concourses","wft_11ddf1cb4dd53a73"
"PassageWay access","Westlight Venue","WL-INFINITY-SCREEN","Westlight four-sided center-hung display","landmark","complete","-360, 83, -560","/tp @s -360 83 -560","derived bounds center","true","bounds","x[-369…-351] y[74…92] z[-568…-552]","Stadium bowl and concourses","wft_c737a3cd778fc968"
"Route / station infrastructure","Approach Road","APPROACH-ROAD:PRIMARY","Ravensgate to Westlight Approach Road","road","complete","-148, 68, -500","/tp @s -148 68 -500","path start","false","path","x[-344…-148] y[68…73] z[-506…-486] · 6 waypoints","Western Approach Road","wft_0ccefc0c05380f1c"
"Route / station infrastructure","Approach Road","approach-road:DISTRICT","Western Approach Road","district","complete","-250, ~, -496","/tp @s -250 ~ -496","derived bounds center","true","bounds","x[-352…-148] y[—] z[-509…-484]","","wft_8731e2b35e3b0151"
"Route / station infrastructure","Mainstreet America","P01-AISLE-1-EAST","aisle 1 east","driveway","complete","54, 64, 196","/tp @s 54 64 196","derived bounds center","true","bounds","x[21…86] y[64] z[192…200]","Visitor parking and Arrival Gardens","wft_dd2f4e03af387a62"
"Route / station infrastructure","Mainstreet America","P01-AISLE-1-WEST","aisle 1 west","driveway","complete","-71, 64, 196","/tp @s -71 64 196","derived bounds center","true","bounds","x[-121…-21] y[64] z[192…200]","Visitor parking and Arrival Gardens","wft_a5ba8c525c8aebef"
"Route / station infrastructure","Mainstreet America","P01-AISLE-2-EAST","aisle 2 east","driveway","complete","58, 64, 223","/tp @s 58 64 223","derived bounds center","true","bounds","x[21…95] y[64] z[219…227]","Visitor parking and Arrival Gardens","wft_2e6bcd700aa37e78"
"Route / station infrastructure","Mainstreet America","P01-AISLE-2-WEST","aisle 2 west","driveway","complete","-71, 64, 223","/tp @s -71 64 223","derived bounds center","true","bounds","x[-121…-21] y[64] z[219…227]","Visitor parking and Arrival Gardens","wft_9e62e7791050e5b5"
"Route / station infrastructure","Mainstreet America","FENCE:DIV-A01","Arrival and Visitor Campus white picket boundary","fence","complete","0, ~, 190","/tp @s 0 ~ 190","derived polygon center","true","polygon","x[-135…135] y[62…319] z[75…305] · 10 vertices","Arrival and Visitor Campus","wft_fedb35b614091e0e"
"Route / station infrastructure","Mainstreet America","R5-B02-CULINARY-PYLONS","B02 culinary identity pylons","landmark","complete","-86, 67, -95","/tp @s -86 67 -95","derived bounds center","true","bounds","x[-86] y[65…69] z[-105…-85]","Retail & Cooking School","wft_36308bf38d43af5d"
"Route / station infrastructure","Mainstreet America","R5-B03-SERVICE-LANE","B03 screened service approach","road","complete","0, 64, -225","/tp @s 0 64 -225","derived bounds center","true","bounds","x[-3…3] y[64] z[-231…-219]","Service Warehouse","wft_43911af49847ab46"
"Route / station infrastructure","Mainstreet America","R5-B03-SERVICE-PYLONS","B03 service identity pylons","landmark","complete","0, 67, -226","/tp @s 0 67 -226","derived bounds center","true","bounds","x[-7…7] y[65…68] z[-226]","Service Warehouse","wft_7158336092338b2a"
"Route / station infrastructure","Mainstreet America","R5-B03-SERVICE-SCREEN","B03 service-yard landscape screen","landscape","complete","0, 65, -259","/tp @s 0 65 -259","derived bounds center","true","bounds","x[-28…28] y[61…68] z[-282…-236]","Service Warehouse","wft_81566cdbe0443ec0"
"Route / station infrastructure","Mainstreet America","R06","Brick Cross","road","complete","-83, 64, -83","/tp @s -83 64 -83","path start","false","path","x[-83…4] y[64] z[-83] · 2 waypoints","MainStreet America campus","wft_22a144d40ba6431d"
"Route / station infrastructure","Mainstreet America","R4-GAR-C02","C02 detached rear/side garage","custom","complete","-76, 71, 9","/tp @s -76 71 9","derived bounds center","true","bounds","x[-79…-73] y[68…73] z[6…12]","West Garden Villa","wft_d61b904fa016d820"
"Route / station infrastructure","Mainstreet America","R4-GAR-C03","C03 detached rear/side garage","custom","complete","76, 81, 48","/tp @s 76 81 48","derived bounds center","true","bounds","x[73…79] y[78…83] z[45…51]","East Garden Villa","wft_970d2182ce7ae66c"
"Route / station infrastructure","Mainstreet America","R4-GAR-C04","C04 detached rear/side garage","custom","complete","-76, 67, -55","/tp @s -76 67 -55","derived bounds center","true","bounds","x[-79…-73] y[64…69] z[-58…-52]","West Brick Courtyard Home","wft_687f4186f76b77b8"
"Route / station infrastructure","Mainstreet America","R4-GAR-C05","C05 detached rear/side garage","custom","complete","76, 82, -54","/tp @s 76 82 -54","derived bounds center","true","bounds","x[73…79] y[79…84] z[-57…-51]","East Brick Courtyard Home","wft_b963be40863ea1c5"
"Route / station infrastructure","Mainstreet America","R4-GAR-C06","C06 detached rear/side garage","custom","complete","-76, 67, -199","/tp @s -76 67 -199","derived bounds center","true","bounds","x[-79…-73] y[64…69] z[-202…-196]","West Timber Lodge","wft_2b6f1c01975a1a11"
"Route / station infrastructure","Mainstreet America","R4-GAR-C07","C07 detached rear/side garage","custom","complete","73, 67, -148","/tp @s 73 67 -148","derived bounds center","true","bounds","x[70…76] y[64…69] z[-151…-145]","East Timber Lodge","wft_e4ef9127a4e52c23"
"Route / station infrastructure","Mainstreet America","FENCE:PRJ-B02","Culinary Pavilion white picket boundary","fence","complete","-112, ~, -95","/tp @s -112 ~ -95","derived polygon center","true","polygon","x[-140…-84] y[62…319] z[-125…-66] · 4 vertices","Culinary Pavilion","wft_007d466b15351e36"
"Route / station infrastructure","Mainstreet America","FENCE:GRID-W2","Design Lab and Maker Commons white picket boundary","fence","complete","-112, ~, -22","/tp @s -112 ~ -22","derived polygon center","true","polygon","x[-140…-84] y[62…319] z[-60…15] · 4 vertices","Design Lab and Maker Commons","wft_45cfda2985c77c4f"
"Route / station infrastructure","Mainstreet America","FENCE:PRJ-L01","Detention Pond and Ecology Walk white picket boundary","fence","complete","190, ~, -250","/tp @s 190 ~ -250","derived polygon center","true","polygon","x[160…220] y[62…319] z[-280…-220] · 4 vertices","Detention Pond and Ecology Walk","wft_51784a0a532b36df"
"Route / station infrastructure","Mainstreet America","P01-ACCESSIBLE-POD-EAST","east accessible access aisle","sidewalk","complete","31, 64, 181","/tp @s 31 64 181","derived bounds center","true","bounds","x[21…41] y[64] z[180…182]","Visitor parking and Arrival Gardens","wft_822ec5b89e6adfab"
"Route / station infrastructure","Mainstreet America","R8-WF-R08-EAST","EAST ALLEY","landmark","complete","63, 64, -130","/tp @s 63 64 -130","exact catalog point","false","point","x[63] y[64] z[-130]","R08 shared cross-link","wft_e089eb908d1611a5"
"Route / station infrastructure","Mainstreet America","R03","East Avenue","road","complete","84, 64, -218","/tp @s 84 64 -218","path start","false","path","x[84] y[64] z[-218…70] · 2 waypoints","MainStreet America campus","wft_1e08a7d6715109ba"
"Route / station infrastructure","Mainstreet America","JCT-R03-R05","East Avenue / Garden Cross junction","road","complete","84, 64, 17","/tp @s 84 64 17","exact catalog point","false","point","x[84] y[64] z[17]","MainStreet America campus","wft_f89ca92fe8f4fe15"
"Route / station infrastructure","Mainstreet America","JCT-R03-R07","East Avenue / Service Cross junction","road","complete","84, 64, -218","/tp @s 84 64 -218","exact catalog point","false","point","x[84] y[64] z[-218]","MainStreet America campus","wft_8b58ce062e8bc528"
"Route / station infrastructure","Mainstreet America","FENCE:BLK-EM","East Middle Homes white picket boundary","fence","complete","44, ~, -33","/tp @s 44 ~ -33","derived polygon center","true","polygon","x[8…80] y[62…319] z[-80…14] · 4 vertices","East Middle Homes","wft_072cb8407c2756bd"
"Route / station infrastructure","Mainstreet America","FENCE:BLK-EN","East North Homes white picket boundary","fence","complete","44, ~, -151","/tp @s 44 ~ -151","derived polygon center","true","polygon","x[8…80] y[62…319] z[-216…-86] · 4 vertices","East North Homes","wft_ba0ef8627500d517"
"Route / station infrastructure","Mainstreet America","R4-ALLEY-E","East Rear Alley","road","complete","50, 64, -218","/tp @s 50 64 -218","path start","false","path","x[50…63] y[64…78] z[-218…37] · 256 waypoints","MainStreet America campus","wft_682288273b1f7d62"
"Route / station infrastructure","Mainstreet America","FENCE:BLK-ES","East South Homes white picket boundary","fence","complete","44, ~, 48","/tp @s 44 ~ 48","derived polygon center","true","polygon","x[8…80] y[62…319] z[20…76] · 4 vertices","East South Homes","wft_cc7dd8d46aa94946"
"Route / station infrastructure","Mainstreet America","P01-SOUTH-ARRIVAL-WALK-EAST","East south-arrival walk","sidewalk","complete","8, 64, 268","/tp @s 8 64 268","path start","false","path","x[8] y[64…78] z[268…305] · 38 waypoints","Visitor parking and Arrival Gardens","wft_d84c710c7408bfde"
"Route / station infrastructure","Mainstreet America","P01-FESTIVAL-ROW-EAST","festival row east","driveway","complete","65, 64, 250","/tp @s 65 64 250","derived bounds center","true","bounds","x[7…122] y[64] z[246…254]","Visitor parking and Arrival Gardens","wft_17c0f0cdeb8f5833"
"Route / station infrastructure","Mainstreet America","P01-FESTIVAL-ROW-WEST","festival row west","driveway","complete","-64, 64, 250","/tp @s -64 64 250","derived bounds center","true","bounds","x[-122…-7] y[64] z[246…254]","Visitor parking and Arrival Gardens","wft_c534171ee2982f56"
"Route / station infrastructure","Mainstreet America","R05","Garden Cross","road","complete","-82, 64, 17","/tp @s -82 64 17","path start","false","path","x[-82…84] y[64] z[17] · 2 waypoints","MainStreet America campus","wft_03f709ff2a6c1bc9"
"Route / station infrastructure","Mainstreet America","R4-GAR-H01","H01 detached rear/side garage","custom","complete","-52, 67, 54","/tp @s -52 67 54","derived bounds center","true","bounds","x[-55…-49] y[64…69] z[51…57]","The Alexandria","wft_5502e308e2d568f3"
"Route / station infrastructure","Mainstreet America","R4-GAR-H02","H02 detached rear/side garage","custom","complete","-52, 67, 4","/tp @s -52 67 4","derived bounds center","true","bounds","x[-55…-49] y[64…69] z[1…7]","The Cape Pointe","wft_cdb47e1eb08c4650"
"Route / station infrastructure","Mainstreet America","R4-GAR-H03","H03 detached rear/side garage","custom","complete","-52, 67, -48","/tp @s -52 67 -48","derived bounds center","true","bounds","x[-55…-49] y[64…69] z[-51…-45]","The Ashby Manor","wft_ae0641b066b718c8"
"Route / station infrastructure","Mainstreet America","R4-GAR-H04","H04 detached rear/side garage","custom","complete","-52, 67, -98","/tp @s -52 67 -98","derived bounds center","true","bounds","x[-55…-49] y[64…69] z[-101…-95]","The Centennial","wft_62e9c532bf13f3f1"
"Route / station infrastructure","Mainstreet America","R4-GAR-H05","H05 detached rear/side garage","custom","complete","-52, 67, -149","/tp @s -52 67 -149","derived bounds center","true","bounds","x[-55…-49] y[64…69] z[-152…-146]","The Timbergrove","wft_618060938f39b941"
"Route / station infrastructure","Mainstreet America","R4-GAR-H06","H06 detached rear/side garage","custom","complete","-53, 67, -199","/tp @s -53 67 -199","derived bounds center","true","bounds","x[-56…-50] y[64…69] z[-202…-196]","The Wakefield","wft_a9da786a0c56f739"
"Route / station infrastructure","Mainstreet America","R4-GAR-H07","H07 detached rear/side garage","custom","complete","49, 75, 24","/tp @s 49 75 24","derived bounds center","true","bounds","x[46…52] y[72…77] z[21…27]","The Villa Lago","wft_7411f5e477c9be5d"
"Route / station infrastructure","Mainstreet America","R4-GAR-H08","H08 detached rear/side garage","custom","complete","56, 74, 3","/tp @s 56 74 3","derived bounds center","true","bounds","x[53…59] y[71…76] z[0…6]","The Calais","wft_d02fca9ef821ac87"
"Route / station infrastructure","Mainstreet America","R4-GAR-H09","H09 detached rear/side garage","custom","complete","56, 80, -52","/tp @s 56 80 -52","derived bounds center","true","bounds","x[53…59] y[77…82] z[-55…-49]","The Casa Lana","wft_e3369b0750dc735a"
"Route / station infrastructure","Mainstreet America","R4-GAR-H10","H10 detached rear/side garage","custom","complete","51, 67, -101","/tp @s 51 67 -101","derived bounds center","true","bounds","x[48…54] y[64…69] z[-104…-98]","The Cross Creek","wft_468b331b577b7a6a"
"Route / station infrastructure","Mainstreet America","R4-GAR-H11","H11 detached rear/side garage","custom","complete","51, 67, -148","/tp @s 51 67 -148","derived bounds center","true","bounds","x[48…54] y[64…69] z[-151…-145]","The Midtown","wft_cb6367924c969388"
"Route / station infrastructure","Mainstreet America","R4-GAR-H12","H12 detached rear/side garage","custom","complete","50, 67, -191","/tp @s 50 67 -191","derived bounds center","true","bounds","x[47…53] y[64…69] z[-194…-188]","The Valencia","wft_65089c3b74004e34"
"Route / station infrastructure","Mainstreet America","R01","Main Street","road","complete","0, 64, -290","/tp @s 0 64 -290","path start","false","path","x[0] y[64] z[-290…285] · 2 waypoints","MainStreet America campus","wft_a1df9bfba578416c"
"Route / station infrastructure","Mainstreet America","JCT-R01-R06","Main Street / Brick Cross junction","road","complete","0, 64, -83","/tp @s 0 64 -83","exact catalog point","false","point","x[0] y[64] z[-83]","MainStreet America campus","wft_bd94d17fa80d6c01"
"Route / station infrastructure","Mainstreet America","JCT-R01-R05","Main Street / Garden Cross junction","road","complete","0, 64, 17","/tp @s 0 64 17","exact catalog point","false","point","x[0] y[64] z[17]","MainStreet America campus","wft_85b3bf2ba763752c"
"Route / station infrastructure","Mainstreet America","R8-JCT-R01-R08","Main Street / R08 compact junction","landmark","complete","0, 65, -126","/tp @s 0 65 -126","derived bounds center","true","bounds","x[-5…5] y[64…65] z[-127…-125]","R08 shared cross-link","wft_2a988137bec9afe0"
"Route / station infrastructure","Mainstreet America","JCT-R01-R07","Main Street / Service Cross junction","road","complete","0, 64, -218","/tp @s 0 64 -218","exact catalog point","false","point","x[0] y[64] z[-218]","MainStreet America campus","wft_960318bdf4109cae"
"Route / station infrastructure","Mainstreet America","JCT-R01-R04","Main Street / South Cross junction","road","complete","0, 64, 84","/tp @s 0 64 84","exact catalog point","false","point","x[0] y[64] z[84]","MainStreet America campus","wft_567fcacbf8133b21"
"Route / station infrastructure","Mainstreet America","FENCE:DIV-C01-SURFACE","Mountain Surface Operations white picket boundary","fence","complete","192, ~, 183","/tp @s 192 ~ 183","derived polygon center","true","polygon","x[90…294] y[62…319] z[135…231] · 4 vertices","Mountain Surface Operations","wft_44afdc3a7e7985f3"
"Route / station infrastructure","Mainstreet America","FENCE:GRID-E2","Neighborhood Clubhouse and Walled Garden white picket boundary","fence","complete","114, ~, -22","/tp @s 114 ~ -22","derived polygon center","true","polygon","x[88…140] y[62…319] z[-60…15] · 4 vertices","Neighborhood Clubhouse and Walled Garden","wft_7704b836e3f2ff69"
"Route / station infrastructure","Mainstreet America","P01-BAY-001","Parking bay 001","parking","complete","-118, 64, 187","/tp @s -118 64 187","derived bounds center","true","bounds","x[-120…-117] y[64] z[183…191]","Visitor parking and Arrival Gardens","wft_13a8a1c2b8c789fe"
"Route / station infrastructure","Mainstreet America","P01-BAY-002","Parking bay 002","parking","complete","-113, 64, 187","/tp @s -113 64 187","derived bounds center","true","bounds","x[-115…-112] y[64] z[183…191]","Visitor parking and Arrival Gardens","wft_ecb3ab47721627ec"
"Route / station infrastructure","Mainstreet America","P01-BAY-003","Parking bay 003","parking","complete","-108, 64, 187","/tp @s -108 64 187","derived bounds center","true","bounds","x[-110…-107] y[64] z[183…191]","Visitor parking and Arrival Gardens","wft_7e83836307f20c4a"
"Route / station infrastructure","Mainstreet America","P01-BAY-004","Parking bay 004","parking","complete","-103, 64, 187","/tp @s -103 64 187","derived bounds center","true","bounds","x[-105…-102] y[64] z[183…191]","Visitor parking and Arrival Gardens","wft_77e6d76f13fcdd65"
"Route / station infrastructure","Mainstreet America","P01-BAY-005","Parking bay 005","parking","complete","-98, 64, 187","/tp @s -98 64 187","derived bounds center","true","bounds","x[-100…-97] y[64] z[183…191]","Visitor parking and Arrival Gardens","wft_69ce02c9ecb5dc0d"
"Route / station infrastructure","Mainstreet America","P01-BAY-006","Parking bay 006","parking","complete","-93, 64, 187","/tp @s -93 64 187","derived bounds center","true","bounds","x[-95…-92] y[64] z[183…191]","Visitor parking and Arrival Gardens","wft_01fa580d2d3f88d3"
"Route / station infrastructure","Mainstreet America","P01-BAY-007","Parking bay 007","parking","complete","-88, 64, 187","/tp @s -88 64 187","derived bounds center","true","bounds","x[-90…-87] y[64] z[183…191]","Visitor parking and Arrival Gardens","wft_ebd1ae769507b7b8"
"Route / station infrastructure","Mainstreet America","P01-BAY-008","Parking bay 008","parking","complete","-83, 64, 187","/tp @s -83 64 187","derived bounds center","true","bounds","x[-85…-82] y[64] z[183…191]","Visitor parking and Arrival Gardens","wft_7af9fd6758b30fa9"
"Route / station infrastructure","Mainstreet America","P01-BAY-009","Parking bay 009","parking","complete","-78, 64, 187","/tp @s -78 64 187","derived bounds center","true","bounds","x[-80…-77] y[64] z[183…191]","Visitor parking and Arrival Gardens","wft_412bc66d42c0e841"
"Route / station infrastructure","Mainstreet America","P01-BAY-010","Parking bay 010","parking","complete","-73, 64, 187","/tp @s -73 64 187","derived bounds center","true","bounds","x[-75…-72] y[64] z[183…191]","Visitor parking and Arrival Gardens","wft_9f2d4754a4db9c18"
"Route / station infrastructure","Mainstreet America","P01-BAY-011","Parking bay 011","parking","complete","-68, 64, 187","/tp @s -68 64 187","derived bounds center","true","bounds","x[-70…-67] y[64] z[183…191]","Visitor parking and Arrival Gardens","wft_72c5822da159eb6c"
"Route / station infrastructure","Mainstreet America","P01-BAY-012","Parking bay 012","parking","complete","-63, 64, 187","/tp @s -63 64 187","derived bounds center","true","bounds","x[-65…-62] y[64] z[183…191]","Visitor parking and Arrival Gardens","wft_70af9279c31a19c6"
"Route / station infrastructure","Mainstreet America","P01-BAY-013","Parking bay 013","parking","complete","-58, 64, 187","/tp @s -58 64 187","derived bounds center","true","bounds","x[-60…-57] y[64] z[183…191]","Visitor parking and Arrival Gardens","wft_594383a2c2e85337"
"Route / station infrastructure","Mainstreet America","P01-BAY-014","Parking bay 014","parking","complete","-53, 64, 187","/tp @s -53 64 187","derived bounds center","true","bounds","x[-55…-52] y[64] z[183…191]","Visitor parking and Arrival Gardens","wft_8f813ec716d3c5a8"
"Route / station infrastructure","Mainstreet America","P01-BAY-015","Parking bay 015","parking","complete","-48, 64, 187","/tp @s -48 64 187","derived bounds center","true","bounds","x[-50…-47] y[64] z[183…191]","Visitor parking and Arrival Gardens","wft_8ff0e316f886a1f6"
"Route / station infrastructure","Mainstreet America","P01-BAY-016","Parking bay 016","parking","complete","-43, 64, 187","/tp @s -43 64 187","derived bounds center","true","bounds","x[-45…-42] y[64] z[183…191]","Visitor parking and Arrival Gardens","wft_51e16d976fc5ecec"
"Route / station infrastructure","Mainstreet America","P01-BAY-017","Parking bay 017","parking","complete","-38, 64, 187","/tp @s -38 64 187","derived bounds center","true","bounds","x[-40…-37] y[64] z[183…191]","Visitor parking and Arrival Gardens","wft_cc365a76744396e4"
"Route / station infrastructure","Mainstreet America","P01-BAY-018","Parking bay 018","parking","complete","-33, 64, 187","/tp @s -33 64 187","derived bounds center","true","bounds","x[-35…-32] y[64] z[183…191]","Visitor parking and Arrival Gardens","wft_b76966f40b58c96b"
"Route / station infrastructure","Mainstreet America","P01-BAY-019","Parking bay 019","parking","complete","-28, 64, 187","/tp @s -28 64 187","derived bounds center","true","bounds","x[-30…-27] y[64] z[183…191]","Visitor parking and Arrival Gardens","wft_3b3ee5dc2ac08ee0"
"Route / station infrastructure","Mainstreet America","P01-BAY-020","Parking bay 020","parking","complete","-23, 64, 187","/tp @s -23 64 187","derived bounds center","true","bounds","x[-25…-22] y[64] z[183…191]","Visitor parking and Arrival Gardens","wft_b920df6010a2cdd7"
"Route / station infrastructure","Mainstreet America","P01-BAY-021","Parking bay 021","parking","complete","24, 64, 187","/tp @s 24 64 187","derived bounds center","true","bounds","x[22…25] y[64] z[183…191]","Visitor parking and Arrival Gardens","wft_6056bdda9f2b1350"
"Route / station infrastructure","Mainstreet America","P01-BAY-022","Parking bay 022","parking","complete","29, 64, 187","/tp @s 29 64 187","derived bounds center","true","bounds","x[27…30] y[64] z[183…191]","Visitor parking and Arrival Gardens","wft_8557ae789a63eed4"
"Route / station infrastructure","Mainstreet America","P01-BAY-023","Parking bay 023","parking","complete","34, 64, 187","/tp @s 34 64 187","derived bounds center","true","bounds","x[32…35] y[64] z[183…191]","Visitor parking and Arrival Gardens","wft_bfe688c64009d58d"
"Route / station infrastructure","Mainstreet America","P01-BAY-024","Parking bay 024","parking","complete","39, 64, 187","/tp @s 39 64 187","derived bounds center","true","bounds","x[37…40] y[64] z[183…191]","Visitor parking and Arrival Gardens","wft_5a1d91d8014ab9e3"
"Route / station infrastructure","Mainstreet America","P01-BAY-025","Parking bay 025","parking","complete","44, 64, 187","/tp @s 44 64 187","derived bounds center","true","bounds","x[42…45] y[64] z[183…191]","Visitor parking and Arrival Gardens","wft_c93ab820f035d31b"
"Route / station infrastructure","Mainstreet America","P01-BAY-026","Parking bay 026","parking","complete","49, 64, 187","/tp @s 49 64 187","derived bounds center","true","bounds","x[47…50] y[64] z[183…191]","Visitor parking and Arrival Gardens","wft_9135ec1efe1f6eab"
"Route / station infrastructure","Mainstreet America","P01-BAY-027","Parking bay 027","parking","complete","54, 64, 187","/tp @s 54 64 187","derived bounds center","true","bounds","x[52…55] y[64] z[183…191]","Visitor parking and Arrival Gardens","wft_7fd143b785b3c4f8"
"Route / station infrastructure","Mainstreet America","P01-BAY-028","Parking bay 028","parking","complete","59, 64, 187","/tp @s 59 64 187","derived bounds center","true","bounds","x[57…60] y[64] z[183…191]","Visitor parking and Arrival Gardens","wft_9b2e1d75d6782aae"
"Route / station infrastructure","Mainstreet America","P01-BAY-029","Parking bay 029","parking","complete","64, 64, 187","/tp @s 64 64 187","derived bounds center","true","bounds","x[62…65] y[64] z[183…191]","Visitor parking and Arrival Gardens","wft_eade78c9817d4dca"
"Route / station infrastructure","Mainstreet America","P01-BAY-030","Parking bay 030","parking","complete","69, 64, 187","/tp @s 69 64 187","derived bounds center","true","bounds","x[67…70] y[64] z[183…191]","Visitor parking and Arrival Gardens","wft_314914338a184489"
"Route / station infrastructure","Mainstreet America","P01-BAY-031","Parking bay 031","parking","complete","74, 64, 187","/tp @s 74 64 187","derived bounds center","true","bounds","x[72…75] y[64] z[183…191]","Visitor parking and Arrival Gardens","wft_c52db679bc8de014"
"Route / station infrastructure","Mainstreet America","P01-BAY-032","Parking bay 032","parking","complete","79, 64, 187","/tp @s 79 64 187","derived bounds center","true","bounds","x[77…80] y[64] z[183…191]","Visitor parking and Arrival Gardens","wft_2724ecfaf7aa86bf"
"Route / station infrastructure","Mainstreet America","P01-BAY-033","Parking bay 033","parking","complete","84, 64, 187","/tp @s 84 64 187","derived bounds center","true","bounds","x[82…85] y[64] z[183…191]","Visitor parking and Arrival Gardens","wft_33ec870456374d7c"
"Route / station infrastructure","Mainstreet America","P01-BAY-034","Parking bay 034","parking","complete","-118, 64, 205","/tp @s -118 64 205","derived bounds center","true","bounds","x[-120…-117] y[64] z[201…209]","Visitor parking and Arrival Gardens","wft_b9e6104e2c11f8ec"
"Route / station infrastructure","Mainstreet America","P01-BAY-035","Parking bay 035","parking","complete","-113, 64, 205","/tp @s -113 64 205","derived bounds center","true","bounds","x[-115…-112] y[64] z[201…209]","Visitor parking and Arrival Gardens","wft_f404608ff1d0e8ff"
"Route / station infrastructure","Mainstreet America","P01-BAY-036","Parking bay 036","parking","complete","-108, 64, 205","/tp @s -108 64 205","derived bounds center","true","bounds","x[-110…-107] y[64] z[201…209]","Visitor parking and Arrival Gardens","wft_6e026ebfed1f723f"
"Route / station infrastructure","Mainstreet America","P01-BAY-037","Parking bay 037","parking","complete","-103, 64, 205","/tp @s -103 64 205","derived bounds center","true","bounds","x[-105…-102] y[64] z[201…209]","Visitor parking and Arrival Gardens","wft_19609b945f83b856"
"Route / station infrastructure","Mainstreet America","P01-BAY-038","Parking bay 038","parking","complete","-98, 64, 205","/tp @s -98 64 205","derived bounds center","true","bounds","x[-100…-97] y[64] z[201…209]","Visitor parking and Arrival Gardens","wft_d521cf2c505fa07a"
"Route / station infrastructure","Mainstreet America","P01-BAY-039","Parking bay 039","parking","complete","-93, 64, 205","/tp @s -93 64 205","derived bounds center","true","bounds","x[-95…-92] y[64] z[201…209]","Visitor parking and Arrival Gardens","wft_36880bd5aeee2f00"
"Route / station infrastructure","Mainstreet America","P01-BAY-040","Parking bay 040","parking","complete","-88, 64, 205","/tp @s -88 64 205","derived bounds center","true","bounds","x[-90…-87] y[64] z[201…209]","Visitor parking and Arrival Gardens","wft_1951b86a70fb6516"
"Route / station infrastructure","Mainstreet America","P01-BAY-041","Parking bay 041","parking","complete","-83, 64, 205","/tp @s -83 64 205","derived bounds center","true","bounds","x[-85…-82] y[64] z[201…209]","Visitor parking and Arrival Gardens","wft_c342987013593ac9"
"Route / station infrastructure","Mainstreet America","P01-BAY-042","Parking bay 042","parking","complete","-78, 64, 205","/tp @s -78 64 205","derived bounds center","true","bounds","x[-80…-77] y[64] z[201…209]","Visitor parking and Arrival Gardens","wft_e55693c0d4b916be"
"Route / station infrastructure","Mainstreet America","P01-BAY-043","Parking bay 043","parking","complete","-73, 64, 205","/tp @s -73 64 205","derived bounds center","true","bounds","x[-75…-72] y[64] z[201…209]","Visitor parking and Arrival Gardens","wft_65057481dace0076"
"Route / station infrastructure","Mainstreet America","P01-BAY-044","Parking bay 044","parking","complete","-68, 64, 205","/tp @s -68 64 205","derived bounds center","true","bounds","x[-70…-67] y[64] z[201…209]","Visitor parking and Arrival Gardens","wft_f8dc7e280e06c4f9"
"Route / station infrastructure","Mainstreet America","P01-BAY-045","Parking bay 045","parking","complete","-63, 64, 205","/tp @s -63 64 205","derived bounds center","true","bounds","x[-65…-62] y[64] z[201…209]","Visitor parking and Arrival Gardens","wft_01b1cb4709309cc4"
"Route / station infrastructure","Mainstreet America","P01-BAY-046","Parking bay 046","parking","complete","-58, 64, 205","/tp @s -58 64 205","derived bounds center","true","bounds","x[-60…-57] y[64] z[201…209]","Visitor parking and Arrival Gardens","wft_ca77b59cc84ab652"
"Route / station infrastructure","Mainstreet America","P01-BAY-047","Parking bay 047","parking","complete","-53, 64, 205","/tp @s -53 64 205","derived bounds center","true","bounds","x[-55…-52] y[64] z[201…209]","Visitor parking and Arrival Gardens","wft_3aac8ebc4022a3ec"
"Route / station infrastructure","Mainstreet America","P01-BAY-048","Parking bay 048","parking","complete","-48, 64, 205","/tp @s -48 64 205","derived bounds center","true","bounds","x[-50…-47] y[64] z[201…209]","Visitor parking and Arrival Gardens","wft_fda8657334e9181b"
"Route / station infrastructure","Mainstreet America","P01-BAY-049","Parking bay 049","parking","complete","-43, 64, 205","/tp @s -43 64 205","derived bounds center","true","bounds","x[-45…-42] y[64] z[201…209]","Visitor parking and Arrival Gardens","wft_9831de5a75d4d104"
"Route / station infrastructure","Mainstreet America","P01-BAY-050","Parking bay 050","parking","complete","-38, 64, 205","/tp @s -38 64 205","derived bounds center","true","bounds","x[-40…-37] y[64] z[201…209]","Visitor parking and Arrival Gardens","wft_7254229c222c9cf7"
"Route / station infrastructure","Mainstreet America","P01-BAY-051","Parking bay 051","parking","complete","-33, 64, 205","/tp @s -33 64 205","derived bounds center","true","bounds","x[-35…-32] y[64] z[201…209]","Visitor parking and Arrival Gardens","wft_0a29f0d00d91cc03"
"Route / station infrastructure","Mainstreet America","P01-BAY-052","Parking bay 052","parking","complete","-28, 64, 205","/tp @s -28 64 205","derived bounds center","true","bounds","x[-30…-27] y[64] z[201…209]","Visitor parking and Arrival Gardens","wft_4b20cb461ba40cc4"
"Route / station infrastructure","Mainstreet America","P01-BAY-053","Parking bay 053","parking","complete","-23, 64, 205","/tp @s -23 64 205","derived bounds center","true","bounds","x[-25…-22] y[64] z[201…209]","Visitor parking and Arrival Gardens","wft_8bd34bcf5acc8902"
"Route / station infrastructure","Mainstreet America","P01-BAY-054","Parking bay 054","parking","complete","24, 64, 205","/tp @s 24 64 205","derived bounds center","true","bounds","x[22…25] y[64] z[201…209]","Visitor parking and Arrival Gardens","wft_0a8fb5edc457d079"
"Route / station infrastructure","Mainstreet America","P01-BAY-055","Parking bay 055","parking","complete","29, 64, 205","/tp @s 29 64 205","derived bounds center","true","bounds","x[27…30] y[64] z[201…209]","Visitor parking and Arrival Gardens","wft_f734f69cccc0b8e9"
"Route / station infrastructure","Mainstreet America","P01-BAY-056","Parking bay 056","parking","complete","34, 64, 205","/tp @s 34 64 205","derived bounds center","true","bounds","x[32…35] y[64] z[201…209]","Visitor parking and Arrival Gardens","wft_af09c2fc1d159c67"
"Route / station infrastructure","Mainstreet America","P01-BAY-057","Parking bay 057","parking","complete","39, 64, 205","/tp @s 39 64 205","derived bounds center","true","bounds","x[37…40] y[64] z[201…209]","Visitor parking and Arrival Gardens","wft_7abede1ec454b4f0"
"Route / station infrastructure","Mainstreet America","P01-BAY-058","Parking bay 058","parking","complete","44, 64, 205","/tp @s 44 64 205","derived bounds center","true","bounds","x[42…45] y[64] z[201…209]","Visitor parking and Arrival Gardens","wft_6612994aeb248890"
"Route / station infrastructure","Mainstreet America","P01-BAY-059","Parking bay 059","parking","complete","49, 64, 205","/tp @s 49 64 205","derived bounds center","true","bounds","x[47…50] y[64] z[201…209]","Visitor parking and Arrival Gardens","wft_6d72da96eaf6ba51"
"Route / station infrastructure","Mainstreet America","P01-BAY-060","Parking bay 060","parking","complete","54, 64, 205","/tp @s 54 64 205","derived bounds center","true","bounds","x[52…55] y[64] z[201…209]","Visitor parking and Arrival Gardens","wft_e5727fbd4089619b"
"Route / station infrastructure","Mainstreet America","P01-BAY-061","Parking bay 061","parking","complete","59, 64, 205","/tp @s 59 64 205","derived bounds center","true","bounds","x[57…60] y[64] z[201…209]","Visitor parking and Arrival Gardens","wft_a0f9fc7b62a770e4"
"Route / station infrastructure","Mainstreet America","P01-BAY-062","Parking bay 062","parking","complete","64, 64, 205","/tp @s 64 64 205","derived bounds center","true","bounds","x[62…65] y[64] z[201…209]","Visitor parking and Arrival Gardens","wft_0856f0cdaf0e18d6"
"Route / station infrastructure","Mainstreet America","P01-BAY-063","Parking bay 063","parking","complete","69, 64, 205","/tp @s 69 64 205","derived bounds center","true","bounds","x[67…70] y[64] z[201…209]","Visitor parking and Arrival Gardens","wft_72bc5c293e97dd61"
"Route / station infrastructure","Mainstreet America","P01-BAY-064","Parking bay 064","parking","complete","74, 64, 205","/tp @s 74 64 205","derived bounds center","true","bounds","x[72…75] y[64] z[201…209]","Visitor parking and Arrival Gardens","wft_17df7a17f1758f21"
"Route / station infrastructure","Mainstreet America","P01-BAY-065","Parking bay 065","parking","complete","79, 64, 205","/tp @s 79 64 205","derived bounds center","true","bounds","x[77…80] y[64] z[201…209]","Visitor parking and Arrival Gardens","wft_aeca999a3046c057"
"Route / station infrastructure","Mainstreet America","P01-BAY-066","Parking bay 066","parking","complete","84, 64, 205","/tp @s 84 64 205","derived bounds center","true","bounds","x[82…85] y[64] z[201…209]","Visitor parking and Arrival Gardens","wft_c020c83dbdbaf511"
"Route / station infrastructure","Mainstreet America","P01-BAY-067","Parking bay 067","parking","complete","-118, 64, 214","/tp @s -118 64 214","derived bounds center","true","bounds","x[-120…-117] y[64] z[210…218]","Visitor parking and Arrival Gardens","wft_86797624090d9323"
"Route / station infrastructure","Mainstreet America","P01-BAY-068","Parking bay 068","parking","complete","-113, 64, 214","/tp @s -113 64 214","derived bounds center","true","bounds","x[-115…-112] y[64] z[210…218]","Visitor parking and Arrival Gardens","wft_47f8049e1bbc7c99"
"Route / station infrastructure","Mainstreet America","P01-BAY-069","Parking bay 069","parking","complete","-108, 64, 214","/tp @s -108 64 214","derived bounds center","true","bounds","x[-110…-107] y[64] z[210…218]","Visitor parking and Arrival Gardens","wft_3e845c62d51537ad"
"Route / station infrastructure","Mainstreet America","P01-BAY-070","Parking bay 070","parking","complete","-103, 64, 214","/tp @s -103 64 214","derived bounds center","true","bounds","x[-105…-102] y[64] z[210…218]","Visitor parking and Arrival Gardens","wft_5f73b2387047cc68"
"Route / station infrastructure","Mainstreet America","P01-BAY-071","Parking bay 071","parking","complete","-98, 64, 214","/tp @s -98 64 214","derived bounds center","true","bounds","x[-100…-97] y[64] z[210…218]","Visitor parking and Arrival Gardens","wft_8c3e5e29a69134f1"
"Route / station infrastructure","Mainstreet America","P01-BAY-072","Parking bay 072","parking","complete","-93, 64, 214","/tp @s -93 64 214","derived bounds center","true","bounds","x[-95…-92] y[64] z[210…218]","Visitor parking and Arrival Gardens","wft_f5c8ba994a7b51cd"
"Route / station infrastructure","Mainstreet America","P01-BAY-073","Parking bay 073","parking","complete","-88, 64, 214","/tp @s -88 64 214","derived bounds center","true","bounds","x[-90…-87] y[64] z[210…218]","Visitor parking and Arrival Gardens","wft_c76377633c501ac7"
"Route / station infrastructure","Mainstreet America","P01-BAY-074","Parking bay 074","parking","complete","-83, 64, 214","/tp @s -83 64 214","derived bounds center","true","bounds","x[-85…-82] y[64] z[210…218]","Visitor parking and Arrival Gardens","wft_aecb791a7e2555e3"
"Route / station infrastructure","Mainstreet America","P01-BAY-075","Parking bay 075","parking","complete","-78, 64, 214","/tp @s -78 64 214","derived bounds center","true","bounds","x[-80…-77] y[64] z[210…218]","Visitor parking and Arrival Gardens","wft_593e719c565bd81c"
"Route / station infrastructure","Mainstreet America","P01-BAY-076","Parking bay 076","parking","complete","-73, 64, 214","/tp @s -73 64 214","derived bounds center","true","bounds","x[-75…-72] y[64] z[210…218]","Visitor parking and Arrival Gardens","wft_d6886ef4719fcc22"
"Route / station infrastructure","Mainstreet America","P01-BAY-077","Parking bay 077","parking","complete","-68, 64, 214","/tp @s -68 64 214","derived bounds center","true","bounds","x[-70…-67] y[64] z[210…218]","Visitor parking and Arrival Gardens","wft_4b5db89e6fcac79d"
"Route / station infrastructure","Mainstreet America","P01-BAY-078","Parking bay 078","parking","complete","-63, 64, 214","/tp @s -63 64 214","derived bounds center","true","bounds","x[-65…-62] y[64] z[210…218]","Visitor parking and Arrival Gardens","wft_cfd03499b8584d23"
"Route / station infrastructure","Mainstreet America","P01-BAY-079","Parking bay 079","parking","complete","-58, 64, 214","/tp @s -58 64 214","derived bounds center","true","bounds","x[-60…-57] y[64] z[210…218]","Visitor parking and Arrival Gardens","wft_2db9a820f56fa82f"
"Route / station infrastructure","Mainstreet America","P01-BAY-080","Parking bay 080","parking","complete","-53, 64, 214","/tp @s -53 64 214","derived bounds center","true","bounds","x[-55…-52] y[64] z[210…218]","Visitor parking and Arrival Gardens","wft_9c912ce0b386f57f"
"Route / station infrastructure","Mainstreet America","P01-BAY-081","Parking bay 081","parking","complete","-48, 64, 214","/tp @s -48 64 214","derived bounds center","true","bounds","x[-50…-47] y[64] z[210…218]","Visitor parking and Arrival Gardens","wft_2a9c445a54f33467"
"Route / station infrastructure","Mainstreet America","P01-BAY-082","Parking bay 082","parking","complete","-43, 64, 214","/tp @s -43 64 214","derived bounds center","true","bounds","x[-45…-42] y[64] z[210…218]","Visitor parking and Arrival Gardens","wft_b1732638a53974a8"
"Route / station infrastructure","Mainstreet America","P01-BAY-083","Parking bay 083","parking","complete","-38, 64, 214","/tp @s -38 64 214","derived bounds center","true","bounds","x[-40…-37] y[64] z[210…218]","Visitor parking and Arrival Gardens","wft_632ab4998e0573c2"
"Route / station infrastructure","Mainstreet America","P01-BAY-084","Parking bay 084","parking","complete","-33, 64, 214","/tp @s -33 64 214","derived bounds center","true","bounds","x[-35…-32] y[64] z[210…218]","Visitor parking and Arrival Gardens","wft_ca6769ae1630c4fd"
"Route / station infrastructure","Mainstreet America","P01-BAY-085","Parking bay 085","parking","complete","-28, 64, 214","/tp @s -28 64 214","derived bounds center","true","bounds","x[-30…-27] y[64] z[210…218]","Visitor parking and Arrival Gardens","wft_e1924171a24766bf"
"Route / station infrastructure","Mainstreet America","P01-BAY-086","Parking bay 086","parking","complete","-23, 64, 214","/tp @s -23 64 214","derived bounds center","true","bounds","x[-25…-22] y[64] z[210…218]","Visitor parking and Arrival Gardens","wft_0d9fe0a7959017d1"
"Route / station infrastructure","Mainstreet America","P01-BAY-087","Parking bay 087","parking","complete","24, 64, 214","/tp @s 24 64 214","derived bounds center","true","bounds","x[22…25] y[64] z[210…218]","Visitor parking and Arrival Gardens","wft_9e7a5df1b4bf56a9"
"Route / station infrastructure","Mainstreet America","P01-BAY-088","Parking bay 088","parking","complete","29, 64, 214","/tp @s 29 64 214","derived bounds center","true","bounds","x[27…30] y[64] z[210…218]","Visitor parking and Arrival Gardens","wft_4a2a3d06a819720d"
"Route / station infrastructure","Mainstreet America","P01-BAY-089","Parking bay 089","parking","complete","34, 64, 214","/tp @s 34 64 214","derived bounds center","true","bounds","x[32…35] y[64] z[210…218]","Visitor parking and Arrival Gardens","wft_b6fd8136b5788459"
"Route / station infrastructure","Mainstreet America","P01-BAY-090","Parking bay 090","parking","complete","39, 64, 214","/tp @s 39 64 214","derived bounds center","true","bounds","x[37…40] y[64] z[210…218]","Visitor parking and Arrival Gardens","wft_b176b46782c21170"
"Route / station infrastructure","Mainstreet America","P01-BAY-091","Parking bay 091","parking","complete","44, 64, 214","/tp @s 44 64 214","derived bounds center","true","bounds","x[42…45] y[64] z[210…218]","Visitor parking and Arrival Gardens","wft_178f057a0fc5705e"
"Route / station infrastructure","Mainstreet America","P01-BAY-092","Parking bay 092","parking","complete","49, 64, 214","/tp @s 49 64 214","derived bounds center","true","bounds","x[47…50] y[64] z[210…218]","Visitor parking and Arrival Gardens","wft_d2b9bb4daf84f7a9"
"Route / station infrastructure","Mainstreet America","P01-BAY-093","Parking bay 093","parking","complete","54, 64, 214","/tp @s 54 64 214","derived bounds center","true","bounds","x[52…55] y[64] z[210…218]","Visitor parking and Arrival Gardens","wft_ee007ff8405cc81c"
"Route / station infrastructure","Mainstreet America","P01-BAY-094","Parking bay 094","parking","complete","59, 64, 214","/tp @s 59 64 214","derived bounds center","true","bounds","x[57…60] y[64] z[210…218]","Visitor parking and Arrival Gardens","wft_3463de9076930cc6"
"Route / station infrastructure","Mainstreet America","P01-BAY-095","Parking bay 095","parking","complete","64, 64, 214","/tp @s 64 64 214","derived bounds center","true","bounds","x[62…65] y[64] z[210…218]","Visitor parking and Arrival Gardens","wft_2ec802ca966e2c6f"
"Route / station infrastructure","Mainstreet America","P01-BAY-096","Parking bay 096","parking","complete","69, 64, 214","/tp @s 69 64 214","derived bounds center","true","bounds","x[67…70] y[64] z[210…218]","Visitor parking and Arrival Gardens","wft_2a40a57c04d90342"
"Route / station infrastructure","Mainstreet America","P01-BAY-097","Parking bay 097","parking","complete","74, 64, 214","/tp @s 74 64 214","derived bounds center","true","bounds","x[72…75] y[64] z[210…218]","Visitor parking and Arrival Gardens","wft_be6702c47dfa62b4"
"Route / station infrastructure","Mainstreet America","P01-BAY-098","Parking bay 098","parking","complete","79, 64, 214","/tp @s 79 64 214","derived bounds center","true","bounds","x[77…80] y[64] z[210…218]","Visitor parking and Arrival Gardens","wft_c2338ab66dabe865"
"Route / station infrastructure","Mainstreet America","P01-BAY-099","Parking bay 099","parking","complete","84, 64, 214","/tp @s 84 64 214","derived bounds center","true","bounds","x[82…85] y[64] z[210…218]","Visitor parking and Arrival Gardens","wft_3e830794e8ef4329"
"Route / station infrastructure","Mainstreet America","P01-BAY-100","Parking bay 100","parking","complete","89, 64, 214","/tp @s 89 64 214","derived bounds center","true","bounds","x[87…90] y[64] z[210…218]","Visitor parking and Arrival Gardens","wft_fc278d285740364b"
"Route / station infrastructure","Mainstreet America","P01-BAY-101","Parking bay 101","parking","complete","94, 64, 214","/tp @s 94 64 214","derived bounds center","true","bounds","x[92…95] y[64] z[210…218]","Visitor parking and Arrival Gardens","wft_5d17671d69b57b57"
"Route / station infrastructure","Mainstreet America","P01-BAY-102","Parking bay 102","parking","complete","-119, 64, 232","/tp @s -119 64 232","derived bounds center","true","bounds","x[-121…-118] y[64] z[228…236]","Visitor parking and Arrival Gardens","wft_f40043f8aea14363"
"Route / station infrastructure","Mainstreet America","P01-BAY-103","Parking bay 103","parking","complete","-114, 64, 232","/tp @s -114 64 232","derived bounds center","true","bounds","x[-116…-113] y[64] z[228…236]","Visitor parking and Arrival Gardens","wft_e84f8509022bdd22"
"Route / station infrastructure","Mainstreet America","P01-BAY-104","Parking bay 104","parking","complete","-109, 64, 232","/tp @s -109 64 232","derived bounds center","true","bounds","x[-111…-108] y[64] z[228…236]","Visitor parking and Arrival Gardens","wft_c623f80c270b495f"
"Route / station infrastructure","Mainstreet America","P01-BAY-105","Parking bay 105","parking","complete","-104, 64, 232","/tp @s -104 64 232","derived bounds center","true","bounds","x[-106…-103] y[64] z[228…236]","Visitor parking and Arrival Gardens","wft_8d9e6a77216e6b05"
"Route / station infrastructure","Mainstreet America","P01-BAY-106","Parking bay 106","parking","complete","-99, 64, 232","/tp @s -99 64 232","derived bounds center","true","bounds","x[-101…-98] y[64] z[228…236]","Visitor parking and Arrival Gardens","wft_2df19cff981dca70"
"Route / station infrastructure","Mainstreet America","P01-BAY-107","Parking bay 107","parking","complete","-94, 64, 232","/tp @s -94 64 232","derived bounds center","true","bounds","x[-96…-93] y[64] z[228…236]","Visitor parking and Arrival Gardens","wft_e036518c37e2f70d"
"Route / station infrastructure","Mainstreet America","P01-BAY-108","Parking bay 108","parking","complete","-89, 64, 232","/tp @s -89 64 232","derived bounds center","true","bounds","x[-91…-88] y[64] z[228…236]","Visitor parking and Arrival Gardens","wft_2538398425bc9b1c"
"Route / station infrastructure","Mainstreet America","P01-BAY-109","Parking bay 109","parking","complete","-84, 64, 232","/tp @s -84 64 232","derived bounds center","true","bounds","x[-86…-83] y[64] z[228…236]","Visitor parking and Arrival Gardens","wft_1dfc976d3106c5ac"
"Route / station infrastructure","Mainstreet America","P01-BAY-110","Parking bay 110","parking","complete","-79, 64, 232","/tp @s -79 64 232","derived bounds center","true","bounds","x[-81…-78] y[64] z[228…236]","Visitor parking and Arrival Gardens","wft_4b463f9e5ca19e98"
"Route / station infrastructure","Mainstreet America","P01-BAY-111","Parking bay 111","parking","complete","-74, 64, 232","/tp @s -74 64 232","derived bounds center","true","bounds","x[-76…-73] y[64] z[228…236]","Visitor parking and Arrival Gardens","wft_d4b88a19afe29c61"
"Route / station infrastructure","Mainstreet America","P01-BAY-112","Parking bay 112","parking","complete","-69, 64, 232","/tp @s -69 64 232","derived bounds center","true","bounds","x[-71…-68] y[64] z[228…236]","Visitor parking and Arrival Gardens","wft_90f3236505684f74"
"Route / station infrastructure","Mainstreet America","P01-BAY-113","Parking bay 113","parking","complete","-64, 64, 232","/tp @s -64 64 232","derived bounds center","true","bounds","x[-66…-63] y[64] z[228…236]","Visitor parking and Arrival Gardens","wft_0e11207f75f1437c"
"Route / station infrastructure","Mainstreet America","P01-BAY-114","Parking bay 114","parking","complete","-59, 64, 232","/tp @s -59 64 232","derived bounds center","true","bounds","x[-61…-58] y[64] z[228…236]","Visitor parking and Arrival Gardens","wft_89d268b7a066e925"
"Route / station infrastructure","Mainstreet America","P01-BAY-115","Parking bay 115","parking","complete","-54, 64, 232","/tp @s -54 64 232","derived bounds center","true","bounds","x[-56…-53] y[64] z[228…236]","Visitor parking and Arrival Gardens","wft_cfb840766d092b43"
"Route / station infrastructure","Mainstreet America","P01-BAY-116","Parking bay 116","parking","complete","-49, 64, 232","/tp @s -49 64 232","derived bounds center","true","bounds","x[-51…-48] y[64] z[228…236]","Visitor parking and Arrival Gardens","wft_83bbb9cb2d83109e"
"Route / station infrastructure","Mainstreet America","P01-BAY-117","Parking bay 117","parking","complete","-44, 64, 232","/tp @s -44 64 232","derived bounds center","true","bounds","x[-46…-43] y[64] z[228…236]","Visitor parking and Arrival Gardens","wft_e221916b030e5c34"
"Route / station infrastructure","Mainstreet America","P01-BAY-118","Parking bay 118","parking","complete","-39, 64, 232","/tp @s -39 64 232","derived bounds center","true","bounds","x[-41…-38] y[64] z[228…236]","Visitor parking and Arrival Gardens","wft_1a11730cf3556db2"
"Route / station infrastructure","Mainstreet America","P01-BAY-119","Parking bay 119","parking","complete","-34, 64, 232","/tp @s -34 64 232","derived bounds center","true","bounds","x[-36…-33] y[64] z[228…236]","Visitor parking and Arrival Gardens","wft_3d92a9f1740814bb"
"Route / station infrastructure","Mainstreet America","P01-BAY-120","Parking bay 120","parking","complete","-29, 64, 232","/tp @s -29 64 232","derived bounds center","true","bounds","x[-31…-28] y[64] z[228…236]","Visitor parking and Arrival Gardens","wft_bb3103ee49230bd0"
"Route / station infrastructure","Mainstreet America","P01-BAY-121","Parking bay 121","parking","complete","-24, 64, 232","/tp @s -24 64 232","derived bounds center","true","bounds","x[-26…-23] y[64] z[228…236]","Visitor parking and Arrival Gardens","wft_e3c0efe76ed5f8d9"
"Route / station infrastructure","Mainstreet America","P01-BAY-122","Parking bay 122","parking","complete","-19, 64, 232","/tp @s -19 64 232","derived bounds center","true","bounds","x[-21…-18] y[64] z[228…236]","Visitor parking and Arrival Gardens","wft_a210e9032080a776"
"Route / station infrastructure","Mainstreet America","P01-BAY-123","Parking bay 123","parking","complete","-14, 64, 232","/tp @s -14 64 232","derived bounds center","true","bounds","x[-16…-13] y[64] z[228…236]","Visitor parking and Arrival Gardens","wft_b810665efc83f113"
"Route / station infrastructure","Mainstreet America","P01-BAY-124","Parking bay 124","parking","complete","-9, 64, 232","/tp @s -9 64 232","derived bounds center","true","bounds","x[-11…-8] y[64] z[228…236]","Visitor parking and Arrival Gardens","wft_6e529aa87bb82f53"
"Route / station infrastructure","Mainstreet America","P01-BAY-125","Parking bay 125","parking","complete","10, 64, 232","/tp @s 10 64 232","derived bounds center","true","bounds","x[8…11] y[64] z[228…236]","Visitor parking and Arrival Gardens","wft_f1fc79733178f7ab"
"Route / station infrastructure","Mainstreet America","P01-BAY-126","Parking bay 126","parking","complete","15, 64, 232","/tp @s 15 64 232","derived bounds center","true","bounds","x[13…16] y[64] z[228…236]","Visitor parking and Arrival Gardens","wft_7a0b8c44c689d41b"
"Route / station infrastructure","Mainstreet America","P01-BAY-127","Parking bay 127","parking","complete","20, 64, 232","/tp @s 20 64 232","derived bounds center","true","bounds","x[18…21] y[64] z[228…236]","Visitor parking and Arrival Gardens","wft_eeb08df6d3aaa625"
"Route / station infrastructure","Mainstreet America","P01-BAY-128","Parking bay 128","parking","complete","25, 64, 232","/tp @s 25 64 232","derived bounds center","true","bounds","x[23…26] y[64] z[228…236]","Visitor parking and Arrival Gardens","wft_5691fe96699c9c66"
"Route / station infrastructure","Mainstreet America","P01-BAY-129","Parking bay 129","parking","complete","30, 64, 232","/tp @s 30 64 232","derived bounds center","true","bounds","x[28…31] y[64] z[228…236]","Visitor parking and Arrival Gardens","wft_597585385dcf8264"
"Route / station infrastructure","Mainstreet America","P01-BAY-130","Parking bay 130","parking","complete","35, 64, 232","/tp @s 35 64 232","derived bounds center","true","bounds","x[33…36] y[64] z[228…236]","Visitor parking and Arrival Gardens","wft_94b141173ea40ae0"
"Route / station infrastructure","Mainstreet America","P01-BAY-131","Parking bay 131","parking","complete","40, 64, 232","/tp @s 40 64 232","derived bounds center","true","bounds","x[38…41] y[64] z[228…236]","Visitor parking and Arrival Gardens","wft_b6c8bfe8f24a5033"
"Route / station infrastructure","Mainstreet America","P01-BAY-132","Parking bay 132","parking","complete","45, 64, 232","/tp @s 45 64 232","derived bounds center","true","bounds","x[43…46] y[64] z[228…236]","Visitor parking and Arrival Gardens","wft_226b5fe5f46c59d0"
"Route / station infrastructure","Mainstreet America","P01-BAY-133","Parking bay 133","parking","complete","50, 64, 232","/tp @s 50 64 232","derived bounds center","true","bounds","x[48…51] y[64] z[228…236]","Visitor parking and Arrival Gardens","wft_ba3028213748d940"
"Route / station infrastructure","Mainstreet America","P01-BAY-134","Parking bay 134","parking","complete","55, 64, 232","/tp @s 55 64 232","derived bounds center","true","bounds","x[53…56] y[64] z[228…236]","Visitor parking and Arrival Gardens","wft_860263d914af2e65"
"Route / station infrastructure","Mainstreet America","P01-BAY-135","Parking bay 135","parking","complete","60, 64, 232","/tp @s 60 64 232","derived bounds center","true","bounds","x[58…61] y[64] z[228…236]","Visitor parking and Arrival Gardens","wft_f9145953e11a1307"
"Route / station infrastructure","Mainstreet America","P01-BAY-136","Parking bay 136","parking","complete","65, 64, 232","/tp @s 65 64 232","derived bounds center","true","bounds","x[63…66] y[64] z[228…236]","Visitor parking and Arrival Gardens","wft_f6b2f90894d94d30"
"Route / station infrastructure","Mainstreet America","P01-BAY-137","Parking bay 137","parking","complete","70, 64, 232","/tp @s 70 64 232","derived bounds center","true","bounds","x[68…71] y[64] z[228…236]","Visitor parking and Arrival Gardens","wft_4cc4b63a788731a6"
"Route / station infrastructure","Mainstreet America","P01-BAY-138","Parking bay 138","parking","complete","75, 64, 232","/tp @s 75 64 232","derived bounds center","true","bounds","x[73…76] y[64] z[228…236]","Visitor parking and Arrival Gardens","wft_1494261a1d6b7513"
"Route / station infrastructure","Mainstreet America","P01-BAY-139","Parking bay 139","parking","complete","80, 64, 232","/tp @s 80 64 232","derived bounds center","true","bounds","x[78…81] y[64] z[228…236]","Visitor parking and Arrival Gardens","wft_479a54d96bc2bfd4"
"Route / station infrastructure","Mainstreet America","P01-BAY-140","Parking bay 140","parking","complete","85, 64, 232","/tp @s 85 64 232","derived bounds center","true","bounds","x[83…86] y[64] z[228…236]","Visitor parking and Arrival Gardens","wft_e205c97de952805b"
"Route / station infrastructure","Mainstreet America","P01-BAY-141","Parking bay 141","parking","complete","90, 64, 232","/tp @s 90 64 232","derived bounds center","true","bounds","x[88…91] y[64] z[228…236]","Visitor parking and Arrival Gardens","wft_a94263ce78204ff1"
"Route / station infrastructure","Mainstreet America","P01-BAY-142","Parking bay 142","parking","complete","-119, 64, 241","/tp @s -119 64 241","derived bounds center","true","bounds","x[-121…-118] y[64] z[237…245]","Visitor parking and Arrival Gardens","wft_5dafc3308cb67a2a"
"Route / station infrastructure","Mainstreet America","P01-BAY-143","Parking bay 143","parking","complete","-114, 64, 241","/tp @s -114 64 241","derived bounds center","true","bounds","x[-116…-113] y[64] z[237…245]","Visitor parking and Arrival Gardens","wft_f3d08a80df9116d5"
"Route / station infrastructure","Mainstreet America","P01-BAY-144","Parking bay 144","parking","complete","-109, 64, 241","/tp @s -109 64 241","derived bounds center","true","bounds","x[-111…-108] y[64] z[237…245]","Visitor parking and Arrival Gardens","wft_3e20295ec9d32dd2"
"Route / station infrastructure","Mainstreet America","P01-BAY-145","Parking bay 145","parking","complete","-104, 64, 241","/tp @s -104 64 241","derived bounds center","true","bounds","x[-106…-103] y[64] z[237…245]","Visitor parking and Arrival Gardens","wft_a0c82a96fa1f8c0e"
"Route / station infrastructure","Mainstreet America","P01-BAY-146","Parking bay 146","parking","complete","-99, 64, 241","/tp @s -99 64 241","derived bounds center","true","bounds","x[-101…-98] y[64] z[237…245]","Visitor parking and Arrival Gardens","wft_20054a298697517b"
"Route / station infrastructure","Mainstreet America","P01-BAY-147","Parking bay 147","parking","complete","-94, 64, 241","/tp @s -94 64 241","derived bounds center","true","bounds","x[-96…-93] y[64] z[237…245]","Visitor parking and Arrival Gardens","wft_59a09dd737388625"
"Route / station infrastructure","Mainstreet America","P01-BAY-148","Parking bay 148","parking","complete","-89, 64, 241","/tp @s -89 64 241","derived bounds center","true","bounds","x[-91…-88] y[64] z[237…245]","Visitor parking and Arrival Gardens","wft_c6b0a5604204cfa8"
"Route / station infrastructure","Mainstreet America","P01-BAY-149","Parking bay 149","parking","complete","-84, 64, 241","/tp @s -84 64 241","derived bounds center","true","bounds","x[-86…-83] y[64] z[237…245]","Visitor parking and Arrival Gardens","wft_d082bf551359b31b"
"Route / station infrastructure","Mainstreet America","P01-BAY-150","Parking bay 150","parking","complete","-79, 64, 241","/tp @s -79 64 241","derived bounds center","true","bounds","x[-81…-78] y[64] z[237…245]","Visitor parking and Arrival Gardens","wft_b2f3214289967ed3"
"Route / station infrastructure","Mainstreet America","P01-BAY-151","Parking bay 151","parking","complete","-74, 64, 241","/tp @s -74 64 241","derived bounds center","true","bounds","x[-76…-73] y[64] z[237…245]","Visitor parking and Arrival Gardens","wft_b97741e4f6930578"
"Route / station infrastructure","Mainstreet America","P01-BAY-152","Parking bay 152","parking","complete","-69, 64, 241","/tp @s -69 64 241","derived bounds center","true","bounds","x[-71…-68] y[64] z[237…245]","Visitor parking and Arrival Gardens","wft_58452f70e356938b"
"Route / station infrastructure","Mainstreet America","P01-BAY-153","Parking bay 153","parking","complete","-64, 64, 241","/tp @s -64 64 241","derived bounds center","true","bounds","x[-66…-63] y[64] z[237…245]","Visitor parking and Arrival Gardens","wft_1b60d2f44446659f"
"Route / station infrastructure","Mainstreet America","P01-BAY-154","Parking bay 154","parking","complete","-59, 64, 241","/tp @s -59 64 241","derived bounds center","true","bounds","x[-61…-58] y[64] z[237…245]","Visitor parking and Arrival Gardens","wft_dced6259fadc6b03"
"Route / station infrastructure","Mainstreet America","P01-BAY-155","Parking bay 155","parking","complete","-54, 64, 241","/tp @s -54 64 241","derived bounds center","true","bounds","x[-56…-53] y[64] z[237…245]","Visitor parking and Arrival Gardens","wft_96f18fa3fec79096"
"Route / station infrastructure","Mainstreet America","P01-BAY-156","Parking bay 156","parking","complete","-49, 64, 241","/tp @s -49 64 241","derived bounds center","true","bounds","x[-51…-48] y[64] z[237…245]","Visitor parking and Arrival Gardens","wft_27c34c26a33342f4"
"Route / station infrastructure","Mainstreet America","P01-BAY-157","Parking bay 157","parking","complete","-44, 64, 241","/tp @s -44 64 241","derived bounds center","true","bounds","x[-46…-43] y[64] z[237…245]","Visitor parking and Arrival Gardens","wft_016af215f19edeeb"
"Route / station infrastructure","Mainstreet America","P01-BAY-158","Parking bay 158","parking","complete","-39, 64, 241","/tp @s -39 64 241","derived bounds center","true","bounds","x[-41…-38] y[64] z[237…245]","Visitor parking and Arrival Gardens","wft_b4d5b7b525b91bd4"
"Route / station infrastructure","Mainstreet America","P01-BAY-159","Parking bay 159","parking","complete","-34, 64, 241","/tp @s -34 64 241","derived bounds center","true","bounds","x[-36…-33] y[64] z[237…245]","Visitor parking and Arrival Gardens","wft_e11121ad74767b44"
"Route / station infrastructure","Mainstreet America","P01-BAY-160","Parking bay 160","parking","complete","-29, 64, 241","/tp @s -29 64 241","derived bounds center","true","bounds","x[-31…-28] y[64] z[237…245]","Visitor parking and Arrival Gardens","wft_dd6eec7b8de60c7c"
"Route / station infrastructure","Mainstreet America","P01-BAY-161","Parking bay 161","parking","complete","-24, 64, 241","/tp @s -24 64 241","derived bounds center","true","bounds","x[-26…-23] y[64] z[237…245]","Visitor parking and Arrival Gardens","wft_7a50438fafe143f7"
"Route / station infrastructure","Mainstreet America","P01-BAY-162","Parking bay 162","parking","complete","-19, 64, 241","/tp @s -19 64 241","derived bounds center","true","bounds","x[-21…-18] y[64] z[237…245]","Visitor parking and Arrival Gardens","wft_24fdc7208e33e0c8"
"Route / station infrastructure","Mainstreet America","P01-BAY-163","Parking bay 163","parking","complete","-14, 64, 241","/tp @s -14 64 241","derived bounds center","true","bounds","x[-16…-13] y[64] z[237…245]","Visitor parking and Arrival Gardens","wft_cdeed2701709f184"
"Route / station infrastructure","Mainstreet America","P01-BAY-164","Parking bay 164","parking","complete","-9, 64, 241","/tp @s -9 64 241","derived bounds center","true","bounds","x[-11…-8] y[64] z[237…245]","Visitor parking and Arrival Gardens","wft_30c1d747fe10547a"
"Route / station infrastructure","Mainstreet America","P01-BAY-165","Parking bay 165","parking","complete","10, 64, 241","/tp @s 10 64 241","derived bounds center","true","bounds","x[8…11] y[64] z[237…245]","Visitor parking and Arrival Gardens","wft_f8e5b0f1a42a4555"
"Route / station infrastructure","Mainstreet America","P01-BAY-166","Parking bay 166","parking","complete","15, 64, 241","/tp @s 15 64 241","derived bounds center","true","bounds","x[13…16] y[64] z[237…245]","Visitor parking and Arrival Gardens","wft_4a1986f440f747a0"
"Route / station infrastructure","Mainstreet America","P01-BAY-167","Parking bay 167","parking","complete","20, 64, 241","/tp @s 20 64 241","derived bounds center","true","bounds","x[18…21] y[64] z[237…245]","Visitor parking and Arrival Gardens","wft_52148ece4a3a5cf8"
"Route / station infrastructure","Mainstreet America","P01-BAY-168","Parking bay 168","parking","complete","25, 64, 241","/tp @s 25 64 241","derived bounds center","true","bounds","x[23…26] y[64] z[237…245]","Visitor parking and Arrival Gardens","wft_07cac144536ddff6"
"Route / station infrastructure","Mainstreet America","P01-BAY-169","Parking bay 169","parking","complete","30, 64, 241","/tp @s 30 64 241","derived bounds center","true","bounds","x[28…31] y[64] z[237…245]","Visitor parking and Arrival Gardens","wft_e6afd6ca7f9016f1"
"Route / station infrastructure","Mainstreet America","P01-BAY-170","Parking bay 170","parking","complete","35, 64, 241","/tp @s 35 64 241","derived bounds center","true","bounds","x[33…36] y[64] z[237…245]","Visitor parking and Arrival Gardens","wft_1bfd6925263944aa"
"Route / station infrastructure","Mainstreet America","P01-BAY-171","Parking bay 171","parking","complete","40, 64, 241","/tp @s 40 64 241","derived bounds center","true","bounds","x[38…41] y[64] z[237…245]","Visitor parking and Arrival Gardens","wft_4cfe927d2074b6ed"
"Route / station infrastructure","Mainstreet America","P01-BAY-172","Parking bay 172","parking","complete","45, 64, 241","/tp @s 45 64 241","derived bounds center","true","bounds","x[43…46] y[64] z[237…245]","Visitor parking and Arrival Gardens","wft_4ccc28975d3abd51"
"Route / station infrastructure","Mainstreet America","P01-BAY-173","Parking bay 173","parking","complete","50, 64, 241","/tp @s 50 64 241","derived bounds center","true","bounds","x[48…51] y[64] z[237…245]","Visitor parking and Arrival Gardens","wft_e100ba240c62ed36"
"Route / station infrastructure","Mainstreet America","P01-BAY-174","Parking bay 174","parking","complete","55, 64, 241","/tp @s 55 64 241","derived bounds center","true","bounds","x[53…56] y[64] z[237…245]","Visitor parking and Arrival Gardens","wft_d01ce3ebe06403eb"
"Route / station infrastructure","Mainstreet America","P01-BAY-175","Parking bay 175","parking","complete","60, 64, 241","/tp @s 60 64 241","derived bounds center","true","bounds","x[58…61] y[64] z[237…245]","Visitor parking and Arrival Gardens","wft_db45de6b0559aef4"
"Route / station infrastructure","Mainstreet America","P01-BAY-176","Parking bay 176","parking","complete","65, 64, 241","/tp @s 65 64 241","derived bounds center","true","bounds","x[63…66] y[64] z[237…245]","Visitor parking and Arrival Gardens","wft_bb191b57d9c32592"
"Route / station infrastructure","Mainstreet America","P01-BAY-177","Parking bay 177","parking","complete","70, 64, 241","/tp @s 70 64 241","derived bounds center","true","bounds","x[68…71] y[64] z[237…245]","Visitor parking and Arrival Gardens","wft_7eb116743b1ac420"
"Route / station infrastructure","Mainstreet America","P01-BAY-178","Parking bay 178","parking","complete","75, 64, 241","/tp @s 75 64 241","derived bounds center","true","bounds","x[73…76] y[64] z[237…245]","Visitor parking and Arrival Gardens","wft_a88b9fecc2b75cc0"
"Route / station infrastructure","Mainstreet America","P01-BAY-179","Parking bay 179","parking","complete","80, 64, 241","/tp @s 80 64 241","derived bounds center","true","bounds","x[78…81] y[64] z[237…245]","Visitor parking and Arrival Gardens","wft_d49b55cba8553f0a"
"Route / station infrastructure","Mainstreet America","P01-BAY-180","Parking bay 180","parking","complete","85, 64, 241","/tp @s 85 64 241","derived bounds center","true","bounds","x[83…86] y[64] z[237…245]","Visitor parking and Arrival Gardens","wft_477cab51343596b7"
"Route / station infrastructure","Mainstreet America","P01-BAY-181","Parking bay 181","parking","complete","90, 64, 241","/tp @s 90 64 241","derived bounds center","true","bounds","x[88…91] y[64] z[237…245]","Visitor parking and Arrival Gardens","wft_aef1ced902b21c07"
"Route / station infrastructure","Mainstreet America","P01-BAY-182","Parking bay 182","parking","complete","-119, 64, 259","/tp @s -119 64 259","derived bounds center","true","bounds","x[-121…-118] y[64] z[255…263]","Visitor parking and Arrival Gardens","wft_32cfc8b19243c419"
"Route / station infrastructure","Mainstreet America","P01-BAY-183","Parking bay 183","parking","complete","-114, 64, 259","/tp @s -114 64 259","derived bounds center","true","bounds","x[-116…-113] y[64] z[255…263]","Visitor parking and Arrival Gardens","wft_088862b7c4ba272e"
"Route / station infrastructure","Mainstreet America","P01-BAY-184","Parking bay 184","parking","complete","-109, 64, 259","/tp @s -109 64 259","derived bounds center","true","bounds","x[-111…-108] y[64] z[255…263]","Visitor parking and Arrival Gardens","wft_c7f3ed1ca98f517f"
"Route / station infrastructure","Mainstreet America","P01-BAY-185","Parking bay 185","parking","complete","-104, 64, 259","/tp @s -104 64 259","derived bounds center","true","bounds","x[-106…-103] y[64] z[255…263]","Visitor parking and Arrival Gardens","wft_b16846cd8a5a74e5"
"Route / station infrastructure","Mainstreet America","P01-BAY-186","Parking bay 186","parking","complete","-99, 64, 259","/tp @s -99 64 259","derived bounds center","true","bounds","x[-101…-98] y[64] z[255…263]","Visitor parking and Arrival Gardens","wft_c227319aeb61a8f7"
"Route / station infrastructure","Mainstreet America","P01-BAY-187","Parking bay 187","parking","complete","-94, 64, 259","/tp @s -94 64 259","derived bounds center","true","bounds","x[-96…-93] y[64] z[255…263]","Visitor parking and Arrival Gardens","wft_e5d9773f0d7813ca"
"Route / station infrastructure","Mainstreet America","P01-BAY-188","Parking bay 188","parking","complete","-89, 64, 259","/tp @s -89 64 259","derived bounds center","true","bounds","x[-91…-88] y[64] z[255…263]","Visitor parking and Arrival Gardens","wft_5df7bd8a60dd52f8"
"Route / station infrastructure","Mainstreet America","P01-BAY-189","Parking bay 189","parking","complete","-84, 64, 259","/tp @s -84 64 259","derived bounds center","true","bounds","x[-86…-83] y[64] z[255…263]","Visitor parking and Arrival Gardens","wft_0cb0a8f972c8ee82"
"Route / station infrastructure","Mainstreet America","P01-BAY-190","Parking bay 190","parking","complete","-79, 64, 259","/tp @s -79 64 259","derived bounds center","true","bounds","x[-81…-78] y[64] z[255…263]","Visitor parking and Arrival Gardens","wft_1017ddd4c25002ec"
"Route / station infrastructure","Mainstreet America","P01-BAY-191","Parking bay 191","parking","complete","-74, 64, 259","/tp @s -74 64 259","derived bounds center","true","bounds","x[-76…-73] y[64] z[255…263]","Visitor parking and Arrival Gardens","wft_40a74b03dc445e34"
"Route / station infrastructure","Mainstreet America","P01-BAY-192","Parking bay 192","parking","complete","-69, 64, 259","/tp @s -69 64 259","derived bounds center","true","bounds","x[-71…-68] y[64] z[255…263]","Visitor parking and Arrival Gardens","wft_d3a6be111b03477c"
"Route / station infrastructure","Mainstreet America","P01-BAY-193","Parking bay 193","parking","complete","-64, 64, 259","/tp @s -64 64 259","derived bounds center","true","bounds","x[-66…-63] y[64] z[255…263]","Visitor parking and Arrival Gardens","wft_d130933eb5d4995d"
"Route / station infrastructure","Mainstreet America","P01-BAY-194","Parking bay 194","parking","complete","-59, 64, 259","/tp @s -59 64 259","derived bounds center","true","bounds","x[-61…-58] y[64] z[255…263]","Visitor parking and Arrival Gardens","wft_c61444c101fd92a6"
"Route / station infrastructure","Mainstreet America","P01-BAY-195","Parking bay 195","parking","complete","-54, 64, 259","/tp @s -54 64 259","derived bounds center","true","bounds","x[-56…-53] y[64] z[255…263]","Visitor parking and Arrival Gardens","wft_e321593115a2d47b"
"Route / station infrastructure","Mainstreet America","P01-BAY-196","Parking bay 196","parking","complete","-49, 64, 259","/tp @s -49 64 259","derived bounds center","true","bounds","x[-51…-48] y[64] z[255…263]","Visitor parking and Arrival Gardens","wft_bbe45bbf6b6c09a5"
"Route / station infrastructure","Mainstreet America","P01-BAY-197","Parking bay 197","parking","complete","-44, 64, 259","/tp @s -44 64 259","derived bounds center","true","bounds","x[-46…-43] y[64] z[255…263]","Visitor parking and Arrival Gardens","wft_b7a05bc7e61881c8"
"Route / station infrastructure","Mainstreet America","P01-BAY-198","Parking bay 198","parking","complete","-39, 64, 259","/tp @s -39 64 259","derived bounds center","true","bounds","x[-41…-38] y[64] z[255…263]","Visitor parking and Arrival Gardens","wft_a19cda6772921508"
"Route / station infrastructure","Mainstreet America","P01-BAY-199","Parking bay 199","parking","complete","-34, 64, 259","/tp @s -34 64 259","derived bounds center","true","bounds","x[-36…-33] y[64] z[255…263]","Visitor parking and Arrival Gardens","wft_7b18a796c423097f"
"Route / station infrastructure","Mainstreet America","P01-BAY-200","Parking bay 200","parking","complete","-29, 64, 259","/tp @s -29 64 259","derived bounds center","true","bounds","x[-31…-28] y[64] z[255…263]","Visitor parking and Arrival Gardens","wft_59915cc63def7ed1"
"Route / station infrastructure","Mainstreet America","P01-BAY-201","Parking bay 201","parking","complete","-24, 64, 259","/tp @s -24 64 259","derived bounds center","true","bounds","x[-26…-23] y[64] z[255…263]","Visitor parking and Arrival Gardens","wft_980eeb71a7cef09e"
"Route / station infrastructure","Mainstreet America","P01-BAY-202","Parking bay 202","parking","complete","-19, 64, 259","/tp @s -19 64 259","derived bounds center","true","bounds","x[-21…-18] y[64] z[255…263]","Visitor parking and Arrival Gardens","wft_5edff94cce8a9c15"
"Route / station infrastructure","Mainstreet America","P01-BAY-203","Parking bay 203","parking","complete","-14, 64, 259","/tp @s -14 64 259","derived bounds center","true","bounds","x[-16…-13] y[64] z[255…263]","Visitor parking and Arrival Gardens","wft_14f798ecb6ab578e"
"Route / station infrastructure","Mainstreet America","P01-BAY-204","Parking bay 204","parking","complete","-9, 64, 259","/tp @s -9 64 259","derived bounds center","true","bounds","x[-11…-8] y[64] z[255…263]","Visitor parking and Arrival Gardens","wft_46655acd3151f0bb"
"Route / station infrastructure","Mainstreet America","P01-BAY-205","Parking bay 205","parking","complete","10, 64, 259","/tp @s 10 64 259","derived bounds center","true","bounds","x[8…11] y[64] z[255…263]","Visitor parking and Arrival Gardens","wft_56253ccddac168b5"
"Route / station infrastructure","Mainstreet America","P01-BAY-206","Parking bay 206","parking","complete","15, 64, 259","/tp @s 15 64 259","derived bounds center","true","bounds","x[13…16] y[64] z[255…263]","Visitor parking and Arrival Gardens","wft_5b064dcc8b00428d"
"Route / station infrastructure","Mainstreet America","P01-BAY-207","Parking bay 207","parking","complete","20, 64, 259","/tp @s 20 64 259","derived bounds center","true","bounds","x[18…21] y[64] z[255…263]","Visitor parking and Arrival Gardens","wft_c7c4f1cf02fca927"
"Route / station infrastructure","Mainstreet America","P01-BAY-208","Parking bay 208","parking","complete","25, 64, 259","/tp @s 25 64 259","derived bounds center","true","bounds","x[23…26] y[64] z[255…263]","Visitor parking and Arrival Gardens","wft_8e7d21b4f824621d"
"Route / station infrastructure","Mainstreet America","P01-BAY-209","Parking bay 209","parking","complete","30, 64, 259","/tp @s 30 64 259","derived bounds center","true","bounds","x[28…31] y[64] z[255…263]","Visitor parking and Arrival Gardens","wft_cddc551a62af6019"
"Route / station infrastructure","Mainstreet America","P01-BAY-210","Parking bay 210","parking","complete","35, 64, 259","/tp @s 35 64 259","derived bounds center","true","bounds","x[33…36] y[64] z[255…263]","Visitor parking and Arrival Gardens","wft_a8993f3b8d6f4d0e"
"Route / station infrastructure","Mainstreet America","P01-BAY-211","Parking bay 211","parking","complete","40, 64, 259","/tp @s 40 64 259","derived bounds center","true","bounds","x[38…41] y[64] z[255…263]","Visitor parking and Arrival Gardens","wft_646b3af02b41e0dd"
"Route / station infrastructure","Mainstreet America","P01-BAY-212","Parking bay 212","parking","complete","45, 64, 259","/tp @s 45 64 259","derived bounds center","true","bounds","x[43…46] y[64] z[255…263]","Visitor parking and Arrival Gardens","wft_be53e588da6dcff0"
"Route / station infrastructure","Mainstreet America","P01-BAY-213","Parking bay 213","parking","complete","50, 64, 259","/tp @s 50 64 259","derived bounds center","true","bounds","x[48…51] y[64] z[255…263]","Visitor parking and Arrival Gardens","wft_86affc039a1fb258"
"Route / station infrastructure","Mainstreet America","P01-BAY-214","Parking bay 214","parking","complete","55, 64, 259","/tp @s 55 64 259","derived bounds center","true","bounds","x[53…56] y[64] z[255…263]","Visitor parking and Arrival Gardens","wft_9c60e4e1402acd4a"
"Route / station infrastructure","Mainstreet America","P01-BAY-215","Parking bay 215","parking","complete","60, 64, 259","/tp @s 60 64 259","derived bounds center","true","bounds","x[58…61] y[64] z[255…263]","Visitor parking and Arrival Gardens","wft_4194bdaf89526b49"
"Route / station infrastructure","Mainstreet America","P01-BAY-216","Parking bay 216","parking","complete","65, 64, 259","/tp @s 65 64 259","derived bounds center","true","bounds","x[63…66] y[64] z[255…263]","Visitor parking and Arrival Gardens","wft_145e7e7b71ed40a5"
"Route / station infrastructure","Mainstreet America","P01-BAY-217","Parking bay 217","parking","complete","70, 64, 259","/tp @s 70 64 259","derived bounds center","true","bounds","x[68…71] y[64] z[255…263]","Visitor parking and Arrival Gardens","wft_430caddad144ac1b"
"Route / station infrastructure","Mainstreet America","P01-BAY-218","Parking bay 218","parking","complete","75, 64, 259","/tp @s 75 64 259","derived bounds center","true","bounds","x[73…76] y[64] z[255…263]","Visitor parking and Arrival Gardens","wft_3f79926fa2d80ba1"
"Route / station infrastructure","Mainstreet America","P01-BAY-219","Parking bay 219","parking","complete","80, 64, 259","/tp @s 80 64 259","derived bounds center","true","bounds","x[78…81] y[64] z[255…263]","Visitor parking and Arrival Gardens","wft_c688bafc906b4a69"
"Route / station infrastructure","Mainstreet America","P01-BAY-220","Parking bay 220","parking","complete","85, 64, 259","/tp @s 85 64 259","derived bounds center","true","bounds","x[83…86] y[64] z[255…263]","Visitor parking and Arrival Gardens","wft_32e4ab7a95844083"
"Route / station infrastructure","Mainstreet America","P01-BAY-221","Parking bay 221","parking","complete","90, 64, 259","/tp @s 90 64 259","derived bounds center","true","bounds","x[88…91] y[64] z[255…263]","Visitor parking and Arrival Gardens","wft_1f55cdd3b9736f94"
"Route / station infrastructure","Mainstreet America","P01-BAY-222","Parking bay 222","parking","complete","95, 64, 259","/tp @s 95 64 259","derived bounds center","true","bounds","x[93…96] y[64] z[255…263]","Visitor parking and Arrival Gardens","wft_d2449e5919311ba9"
"Route / station infrastructure","Mainstreet America","P01-BAY-223","Parking bay 223","parking","complete","100, 64, 259","/tp @s 100 64 259","derived bounds center","true","bounds","x[98…101] y[64] z[255…263]","Visitor parking and Arrival Gardens","wft_444ad0d73bc4cdd7"
"Route / station infrastructure","Mainstreet America","P01-BAY-224","Parking bay 224","parking","complete","105, 64, 259","/tp @s 105 64 259","derived bounds center","true","bounds","x[103…106] y[64] z[255…263]","Visitor parking and Arrival Gardens","wft_58f14b2ccc29473f"
"Route / station infrastructure","Mainstreet America","P01-BAY-225","Parking bay 225","parking","complete","110, 64, 259","/tp @s 110 64 259","derived bounds center","true","bounds","x[108…111] y[64] z[255…263]","Visitor parking and Arrival Gardens","wft_2bdabb8520756c4e"
"Route / station infrastructure","Mainstreet America","P01-BAY-226","Parking bay 226","parking","complete","115, 64, 259","/tp @s 115 64 259","derived bounds center","true","bounds","x[113…116] y[64] z[255…263]","Visitor parking and Arrival Gardens","wft_c14f8e7aae0be5f4"
"Route / station infrastructure","Mainstreet America","P01-BAY-227","Parking bay 227","parking","complete","120, 64, 259","/tp @s 120 64 259","derived bounds center","true","bounds","x[118…121] y[64] z[255…263]","Visitor parking and Arrival Gardens","wft_b2f183436443145f"
"Route / station infrastructure","Mainstreet America","P01-BAY-228","Parking bay 228","parking","complete","-119, 64, 177","/tp @s -119 64 177","derived bounds center","true","bounds","x[-121…-118] y[64] z[172…181]","Visitor parking and Arrival Gardens","wft_9083da43c1dd1dd5"
"Route / station infrastructure","Mainstreet America","P01-BAY-229","Parking bay 229","parking","complete","-114, 64, 177","/tp @s -114 64 177","derived bounds center","true","bounds","x[-116…-113] y[64] z[172…181]","Visitor parking and Arrival Gardens","wft_854b2e46fd009f4c"
"Route / station infrastructure","Mainstreet America","P01-BAY-230","Parking bay 230","parking","complete","-109, 64, 177","/tp @s -109 64 177","derived bounds center","true","bounds","x[-111…-108] y[64] z[172…181]","Visitor parking and Arrival Gardens","wft_4e8f53bca4ee8c82"
"Route / station infrastructure","Mainstreet America","P01-BAY-231","Parking bay 231","parking","complete","-104, 64, 177","/tp @s -104 64 177","derived bounds center","true","bounds","x[-106…-103] y[64] z[172…181]","Visitor parking and Arrival Gardens","wft_5232e754e5fb6b95"
"Route / station infrastructure","Mainstreet America","P01-BAY-232","Parking bay 232","parking","complete","-99, 64, 177","/tp @s -99 64 177","derived bounds center","true","bounds","x[-101…-98] y[64] z[172…181]","Visitor parking and Arrival Gardens","wft_65fcbfa8e7eb22b4"
"Route / station infrastructure","Mainstreet America","P01-BAY-233","Parking bay 233","parking","complete","-94, 64, 177","/tp @s -94 64 177","derived bounds center","true","bounds","x[-96…-93] y[64] z[172…181]","Visitor parking and Arrival Gardens","wft_b195a0c1173b1842"
"Route / station infrastructure","Mainstreet America","P01-BAY-234","Parking bay 234","parking","complete","-89, 64, 177","/tp @s -89 64 177","derived bounds center","true","bounds","x[-91…-88] y[64] z[172…181]","Visitor parking and Arrival Gardens","wft_9fda787ccd082388"
"Route / station infrastructure","Mainstreet America","P01-BAY-235","Parking bay 235","parking","complete","-84, 64, 177","/tp @s -84 64 177","derived bounds center","true","bounds","x[-86…-83] y[64] z[172…181]","Visitor parking and Arrival Gardens","wft_12e487621189404b"
"Route / station infrastructure","Mainstreet America","P01-BAY-236","Parking bay 236","parking","complete","-79, 64, 177","/tp @s -79 64 177","derived bounds center","true","bounds","x[-81…-78] y[64] z[172…181]","Visitor parking and Arrival Gardens","wft_59dce1f59b5ad0ed"
"Route / station infrastructure","Mainstreet America","P01-CROSSWALK-01","Parking crosswalk 1","sidewalk","complete","-24, 64, 196","/tp @s -24 64 196","derived bounds center","true","bounds","x[-27…-21] y[64] z[192…200]","Visitor parking and Arrival Gardens","wft_eb57467db4c34c77"
"Route / station infrastructure","Mainstreet America","P01-CROSSWALK-02","Parking crosswalk 2","sidewalk","complete","24, 64, 196","/tp @s 24 64 196","derived bounds center","true","bounds","x[21…27] y[64] z[192…200]","Visitor parking and Arrival Gardens","wft_0e2d090333c6a613"
"Route / station infrastructure","Mainstreet America","P01-CROSSWALK-03","Parking crosswalk 3","sidewalk","complete","-16, 64, 224","/tp @s -16 64 224","derived bounds center","true","bounds","x[-20…-12] y[64] z[221…227]","Visitor parking and Arrival Gardens","wft_a0fba59e10940836"
"Route / station infrastructure","Mainstreet America","P01-CROSSWALK-04","Parking crosswalk 4","sidewalk","complete","16, 64, 224","/tp @s 16 64 224","derived bounds center","true","bounds","x[12…20] y[64] z[221…227]","Visitor parking and Arrival Gardens","wft_92d113a7c51ff6f1"
"Route / station infrastructure","Mainstreet America","P01-CROSSWALK-05","Parking crosswalk 5","sidewalk","complete","-16, 64, 250","/tp @s -16 64 250","derived bounds center","true","bounds","x[-20…-12] y[64] z[246…254]","Visitor parking and Arrival Gardens","wft_0d2d7b70c3205876"
"Route / station infrastructure","Mainstreet America","P01-CROSSWALK-06","Parking crosswalk 6","sidewalk","complete","16, 64, 250","/tp @s 16 64 250","derived bounds center","true","bounds","x[12…20] y[64] z[246…254]","Visitor parking and Arrival Gardens","wft_556d0b5abcfea5b6"
"Route / station infrastructure","Mainstreet America","P01-L-01","Parking dual-head light L-01","lighting","complete","-121, 70, 191","/tp @s -121 70 191","exact catalog point","false","point","x[-121] y[70] z[191]","Visitor parking and Arrival Gardens","wft_53061ee440daf28a"
"Route / station infrastructure","Mainstreet America","P01-L-02","Parking dual-head light L-02","lighting","complete","-91, 70, 191","/tp @s -91 70 191","exact catalog point","false","point","x[-91] y[70] z[191]","Visitor parking and Arrival Gardens","wft_3c8b5c7970b53207"
"Route / station infrastructure","Mainstreet America","P01-L-03","Parking dual-head light L-03","lighting","complete","-61, 70, 191","/tp @s -61 70 191","exact catalog point","false","point","x[-61] y[70] z[191]","Visitor parking and Arrival Gardens","wft_532040c315014ec6"
"Route / station infrastructure","Mainstreet America","P01-L-04","Parking dual-head light L-04","lighting","complete","-31, 70, 191","/tp @s -31 70 191","exact catalog point","false","point","x[-31] y[70] z[191]","Visitor parking and Arrival Gardens","wft_e2f4ef513de1d19e"
"Route / station infrastructure","Mainstreet America","P01-L-05","Parking dual-head light L-05","lighting","complete","31, 70, 191","/tp @s 31 70 191","exact catalog point","false","point","x[31] y[70] z[191]","Visitor parking and Arrival Gardens","wft_aaedbaff473b5a46"
"Route / station infrastructure","Mainstreet America","P01-L-06","Parking dual-head light L-06","lighting","complete","61, 70, 191","/tp @s 61 70 191","exact catalog point","false","point","x[61] y[70] z[191]","Visitor parking and Arrival Gardens","wft_e919cb2caf72e8dc"
"Route / station infrastructure","Mainstreet America","P01-L-07","Parking dual-head light L-07","lighting","complete","86, 70, 191","/tp @s 86 70 191","exact catalog point","false","point","x[86] y[70] z[191]","Visitor parking and Arrival Gardens","wft_2b5e78a7a6356a28"
"Route / station infrastructure","Mainstreet America","P01-L-08","Parking dual-head light L-08","lighting","complete","-121, 70, 218","/tp @s -121 70 218","exact catalog point","false","point","x[-121] y[70] z[218]","Visitor parking and Arrival Gardens","wft_cf1847d2cf77ce96"
"Route / station infrastructure","Mainstreet America","P01-L-09","Parking dual-head light L-09","lighting","complete","-91, 70, 218","/tp @s -91 70 218","exact catalog point","false","point","x[-91] y[70] z[218]","Visitor parking and Arrival Gardens","wft_a3d8a996245f74ab"
"Route / station infrastructure","Mainstreet America","P01-L-10","Parking dual-head light L-10","lighting","complete","-61, 70, 218","/tp @s -61 70 218","exact catalog point","false","point","x[-61] y[70] z[218]","Visitor parking and Arrival Gardens","wft_80f11084634156f7"
"Route / station infrastructure","Mainstreet America","P01-L-11","Parking dual-head light L-11","lighting","complete","-31, 70, 218","/tp @s -31 70 218","exact catalog point","false","point","x[-31] y[70] z[218]","Visitor parking and Arrival Gardens","wft_3dea75d4cb8804ea"
"Route / station infrastructure","Mainstreet America","P01-L-12","Parking dual-head light L-12","lighting","complete","31, 70, 218","/tp @s 31 70 218","exact catalog point","false","point","x[31] y[70] z[218]","Visitor parking and Arrival Gardens","wft_adf5419ded65eb4e"
"Route / station infrastructure","Mainstreet America","P01-L-13","Parking dual-head light L-13","lighting","complete","61, 70, 218","/tp @s 61 70 218","exact catalog point","false","point","x[61] y[70] z[218]","Visitor parking and Arrival Gardens","wft_5e8ca572f0941426"
"Route / station infrastructure","Mainstreet America","P01-L-14","Parking dual-head light L-14","lighting","complete","91, 70, 218","/tp @s 91 70 218","exact catalog point","false","point","x[91] y[70] z[218]","Visitor parking and Arrival Gardens","wft_3824aaa575db1a91"
"Route / station infrastructure","Mainstreet America","P01-L-15","Parking dual-head light L-15","lighting","complete","-122, 70, 245","/tp @s -122 70 245","exact catalog point","false","point","x[-122] y[70] z[245]","Visitor parking and Arrival Gardens","wft_f19814f45e1345b2"
"Route / station infrastructure","Mainstreet America","P01-L-16","Parking dual-head light L-16","lighting","complete","-92, 70, 245","/tp @s -92 70 245","exact catalog point","false","point","x[-92] y[70] z[245]","Visitor parking and Arrival Gardens","wft_2f78e04d24a0c62e"
"Route / station infrastructure","Mainstreet America","P01-L-17","Parking dual-head light L-17","lighting","complete","-62, 70, 245","/tp @s -62 70 245","exact catalog point","false","point","x[-62] y[70] z[245]","Visitor parking and Arrival Gardens","wft_c4882e02fccf8f80"
"Route / station infrastructure","Mainstreet America","P01-L-18","Parking dual-head light L-18","lighting","complete","-32, 70, 245","/tp @s -32 70 245","exact catalog point","false","point","x[-32] y[70] z[245]","Visitor parking and Arrival Gardens","wft_e5a457fcf3e8990d"
"Route / station infrastructure","Mainstreet America","P01-L-19","Parking dual-head light L-19","lighting","complete","32, 70, 245","/tp @s 32 70 245","exact catalog point","false","point","x[32] y[70] z[245]","Visitor parking and Arrival Gardens","wft_b70f9d6a7367731b"
"Route / station infrastructure","Mainstreet America","P01-L-20","Parking dual-head light L-20","lighting","complete","62, 70, 245","/tp @s 62 70 245","exact catalog point","false","point","x[62] y[70] z[245]","Visitor parking and Arrival Gardens","wft_4485b42f0129beec"
"Route / station infrastructure","Mainstreet America","P01-L-21","Parking dual-head light L-21","lighting","complete","92, 70, 245","/tp @s 92 70 245","exact catalog point","false","point","x[92] y[70] z[245]","Visitor parking and Arrival Gardens","wft_6675135c99daf42e"
"Route / station infrastructure","Mainstreet America","P01-L-22","Parking dual-head light L-22","lighting","complete","-18, 70, 190","/tp @s -18 70 190","exact catalog point","false","point","x[-18] y[70] z[190]","Visitor parking and Arrival Gardens","wft_a59ec1a2712131dd"
"Route / station infrastructure","Mainstreet America","P01-L-23","Parking dual-head light L-23","lighting","complete","18, 70, 190","/tp @s 18 70 190","exact catalog point","false","point","x[18] y[70] z[190]","Visitor parking and Arrival Gardens","wft_e2ff9c57a741d20f"
"Route / station infrastructure","Mainstreet America","P01-LOW-LIGHT-01","Parking flush light 1","lighting","complete","-106, 64, 191","/tp @s -106 64 191","exact catalog point","false","point","x[-106] y[64] z[191]","Visitor parking and Arrival Gardens","wft_efbed167af7d0bcf"
"Route / station infrastructure","Mainstreet America","P01-LOW-LIGHT-10","Parking flush light 10","lighting","complete","76, 64, 218","/tp @s 76 64 218","exact catalog point","false","point","x[76] y[64] z[218]","Visitor parking and Arrival Gardens","wft_37e04d5cb3642d4e"
"Route / station infrastructure","Mainstreet America","P01-LOW-LIGHT-11","Parking flush light 11","lighting","complete","-107, 64, 245","/tp @s -107 64 245","exact catalog point","false","point","x[-107] y[64] z[245]","Visitor parking and Arrival Gardens","wft_19e5a424897ee96d"
"Route / station infrastructure","Mainstreet America","P01-LOW-LIGHT-12","Parking flush light 12","lighting","complete","-77, 64, 245","/tp @s -77 64 245","exact catalog point","false","point","x[-77] y[64] z[245]","Visitor parking and Arrival Gardens","wft_74a94784038ae427"
"Route / station infrastructure","Mainstreet America","P01-LOW-LIGHT-13","Parking flush light 13","lighting","complete","-47, 64, 245","/tp @s -47 64 245","exact catalog point","false","point","x[-47] y[64] z[245]","Visitor parking and Arrival Gardens","wft_f376da011e31f4c4"
"Route / station infrastructure","Mainstreet America","P01-LOW-LIGHT-14","Parking flush light 14","lighting","complete","-17, 64, 245","/tp @s -17 64 245","exact catalog point","false","point","x[-17] y[64] z[245]","Visitor parking and Arrival Gardens","wft_3e34cdbb1eb2c183"
"Route / station infrastructure","Mainstreet America","P01-LOW-LIGHT-15","Parking flush light 15","lighting","complete","17, 64, 245","/tp @s 17 64 245","exact catalog point","false","point","x[17] y[64] z[245]","Visitor parking and Arrival Gardens","wft_3cb935eb26b0a210"
"Route / station infrastructure","Mainstreet America","P01-LOW-LIGHT-16","Parking flush light 16","lighting","complete","47, 64, 245","/tp @s 47 64 245","exact catalog point","false","point","x[47] y[64] z[245]","Visitor parking and Arrival Gardens","wft_cf84a13d15d23480"
"Route / station infrastructure","Mainstreet America","P01-LOW-LIGHT-17","Parking flush light 17","lighting","complete","77, 64, 245","/tp @s 77 64 245","exact catalog point","false","point","x[77] y[64] z[245]","Visitor parking and Arrival Gardens","wft_9c600f86c3c6d903"
"Route / station infrastructure","Mainstreet America","P01-LOW-LIGHT-18","Parking flush light 18","lighting","complete","107, 64, 245","/tp @s 107 64 245","exact catalog point","false","point","x[107] y[64] z[245]","Visitor parking and Arrival Gardens","wft_fec5f97d9bb85823"
"Route / station infrastructure","Mainstreet America","P01-LOW-LIGHT-19","Parking flush light 19","lighting","complete","-6, 64, 180","/tp @s -6 64 180","exact catalog point","false","point","x[-6] y[64] z[180]","Visitor parking and Arrival Gardens","wft_8cb9e034d59593cf"
"Route / station infrastructure","Mainstreet America","P01-LOW-LIGHT-02","Parking flush light 2","lighting","complete","-76, 64, 191","/tp @s -76 64 191","exact catalog point","false","point","x[-76] y[64] z[191]","Visitor parking and Arrival Gardens","wft_331736ea99637f64"
"Route / station infrastructure","Mainstreet America","P01-LOW-LIGHT-20","Parking flush light 20","lighting","complete","6, 64, 180","/tp @s 6 64 180","exact catalog point","false","point","x[6] y[64] z[180]","Visitor parking and Arrival Gardens","wft_0f6b4f0db2051add"
"Route / station infrastructure","Mainstreet America","P01-LOW-LIGHT-21","Parking flush light 21","lighting","complete","-6, 64, 204","/tp @s -6 64 204","exact catalog point","false","point","x[-6] y[64] z[204]","Visitor parking and Arrival Gardens","wft_41fd4f0b10cb9ed5"
"Route / station infrastructure","Mainstreet America","P01-LOW-LIGHT-22","Parking flush light 22","lighting","complete","6, 64, 204","/tp @s 6 64 204","exact catalog point","false","point","x[6] y[64] z[204]","Visitor parking and Arrival Gardens","wft_eaa84970ca5fc667"
"Route / station infrastructure","Mainstreet America","P01-LOW-LIGHT-23","Parking flush light 23","lighting","complete","-6, 64, 228","/tp @s -6 64 228","exact catalog point","false","point","x[-6] y[64] z[228]","Visitor parking and Arrival Gardens","wft_a7409d4f25df32d1"
"Route / station infrastructure","Mainstreet America","P01-LOW-LIGHT-24","Parking flush light 24","lighting","complete","6, 64, 228","/tp @s 6 64 228","exact catalog point","false","point","x[6] y[64] z[228]","Visitor parking and Arrival Gardens","wft_fe083c5db4c7e8bc"
"Route / station infrastructure","Mainstreet America","P01-LOW-LIGHT-25","Parking flush light 25","lighting","complete","-6, 64, 252","/tp @s -6 64 252","exact catalog point","false","point","x[-6] y[64] z[252]","Visitor parking and Arrival Gardens","wft_41a7a9b5bf6bea36"
"Route / station infrastructure","Mainstreet America","P01-LOW-LIGHT-26","Parking flush light 26","lighting","complete","6, 64, 252","/tp @s 6 64 252","exact catalog point","false","point","x[6] y[64] z[252]","Visitor parking and Arrival Gardens","wft_bbf1bb25a5d46455"
"Route / station infrastructure","Mainstreet America","P01-LOW-LIGHT-27","Parking flush light 27","lighting","complete","-6, 64, 268","/tp @s -6 64 268","exact catalog point","false","point","x[-6] y[64] z[268]","Visitor parking and Arrival Gardens","wft_abc5d30617af07aa"
"Route / station infrastructure","Mainstreet America","P01-LOW-LIGHT-28","Parking flush light 28","lighting","complete","6, 64, 268","/tp @s 6 64 268","exact catalog point","false","point","x[6] y[64] z[268]","Visitor parking and Arrival Gardens","wft_beb81e09b8a20c2d"
"Route / station infrastructure","Mainstreet America","P01-LOW-LIGHT-29","Parking flush light 29","lighting","complete","-122, 64, 254","/tp @s -122 64 254","exact catalog point","false","point","x[-122] y[64] z[254]","Visitor parking and Arrival Gardens","wft_130c7b6aa7c50427"
"Route / station infrastructure","Mainstreet America","P01-LOW-LIGHT-03","Parking flush light 3","lighting","complete","-46, 64, 191","/tp @s -46 64 191","exact catalog point","false","point","x[-46] y[64] z[191]","Visitor parking and Arrival Gardens","wft_8f23e797844e620f"
"Route / station infrastructure","Mainstreet America","P01-LOW-LIGHT-30","Parking flush light 30","lighting","complete","-7, 64, 254","/tp @s -7 64 254","exact catalog point","false","point","x[-7] y[64] z[254]","Visitor parking and Arrival Gardens","wft_6e6b8606d34b8078"
"Route / station infrastructure","Mainstreet America","P01-LOW-LIGHT-31","Parking flush light 31","lighting","complete","7, 64, 254","/tp @s 7 64 254","exact catalog point","false","point","x[7] y[64] z[254]","Visitor parking and Arrival Gardens","wft_690c388fd45a2f28"
"Route / station infrastructure","Mainstreet America","P01-LOW-LIGHT-32","Parking flush light 32","lighting","complete","122, 64, 254","/tp @s 122 64 254","exact catalog point","false","point","x[122] y[64] z[254]","Visitor parking and Arrival Gardens","wft_9f0c634335013cdc"
"Route / station infrastructure","Mainstreet America","P01-LOW-LIGHT-04","Parking flush light 4","lighting","complete","46, 64, 191","/tp @s 46 64 191","exact catalog point","false","point","x[46] y[64] z[191]","Visitor parking and Arrival Gardens","wft_6317ed98877d1d10"
"Route / station infrastructure","Mainstreet America","P01-LOW-LIGHT-05","Parking flush light 5","lighting","complete","76, 64, 191","/tp @s 76 64 191","exact catalog point","false","point","x[76] y[64] z[191]","Visitor parking and Arrival Gardens","wft_1f84f089e557f036"
"Route / station infrastructure","Mainstreet America","P01-LOW-LIGHT-06","Parking flush light 6","lighting","complete","-106, 64, 218","/tp @s -106 64 218","exact catalog point","false","point","x[-106] y[64] z[218]","Visitor parking and Arrival Gardens","wft_1a4b2bdd1c4c5219"
"Route / station infrastructure","Mainstreet America","P01-LOW-LIGHT-07","Parking flush light 7","lighting","complete","-76, 64, 218","/tp @s -76 64 218","exact catalog point","false","point","x[-76] y[64] z[218]","Visitor parking and Arrival Gardens","wft_413e6f2bf88e1654"
"Route / station infrastructure","Mainstreet America","P01-LOW-LIGHT-08","Parking flush light 8","lighting","complete","-46, 64, 218","/tp @s -46 64 218","exact catalog point","false","point","x[-46] y[64] z[218]","Visitor parking and Arrival Gardens","wft_12213ab640bf916c"
"Route / station infrastructure","Mainstreet America","P01-LOW-LIGHT-09","Parking flush light 9","lighting","complete","46, 64, 218","/tp @s 46 64 218","exact catalog point","false","point","x[46] y[64] z[218]","Visitor parking and Arrival Gardens","wft_60e106d43bc47770"
"Route / station infrastructure","Mainstreet America","R8-JCT-R08-ALLEY-E","R08 / East Alley junction","landmark","complete","56, 64, -124","/tp @s 56 64 -124","exact catalog point","false","point","x[56] y[64] z[-124]","R08 shared cross-link","wft_375a663fb4ae6ee2"
"Route / station infrastructure","Mainstreet America","R8-WF-R08-CENTRAL","R08 CROSS-LINK","landmark","complete","7, 64, -132","/tp @s 7 64 -132","exact catalog point","false","point","x[7] y[64] z[-132]","R08 shared cross-link","wft_0b1e5177da2daa0e"
"Route / station infrastructure","Mainstreet America","R8-R08-CROSS-LINK","R08 shared cross-link","road","complete","-57, 64, -124","/tp @s -57 64 -124","path start","false","path","x[-57…56] y[64] z[-126…-124] · 6 waypoints","MainStreet America campus","wft_09c2c708e396c779"
"Route / station infrastructure","Mainstreet America","FENCE:PRJ-B03","Service and Warehouse Compound white picket boundary","fence","complete","0, ~, -255","/tp @s 0 ~ -255","derived polygon center","true","polygon","x[-30…30] y[62…319] z[-286…-224] · 8 vertices","Service and Warehouse Compound","wft_18359c06fac3c053"
"Route / station infrastructure","Mainstreet America","R07","Service Cross","road","complete","-84, 64, -218","/tp @s -84 64 -218","path start","false","path","x[-84…220] y[64] z[-218] · 2 waypoints","MainStreet America campus","wft_b1d3fdb2b74b0f24"
"Route / station infrastructure","Mainstreet America","R04","South Cross","road","complete","-142, 64, 84","/tp @s -142 64 84","path start","false","path","x[-142…90] y[64] z[84] · 2 waypoints","MainStreet America campus","wft_ad6026ada01465e9"
"Route / station infrastructure","Mainstreet America","P01","Visitor parking and Arrival Gardens","parking","complete","0, ~, 239","/tp @s 0 ~ 239","derived bounds center","true","bounds","x[-125…125] y[64…100] z[172…305]","Arrival and Visitor Campus","wft_ee9823874a1d64f0"
"Route / station infrastructure","Mainstreet America","P01-ACCESSIBLE-POD-WEST","west accessible access aisle","sidewalk","complete","-31, 64, 181","/tp @s -31 64 181","derived bounds center","true","bounds","x[-41…-21] y[64] z[180…182]","Visitor parking and Arrival Gardens","wft_ea7c399b03f4b685"
"Route / station infrastructure","Mainstreet America","R8-WF-R08-WEST","WEST ALLEY","landmark","complete","-63, 64, -130","/tp @s -63 64 -130","exact catalog point","false","point","x[-63] y[64] z[-130]","R08 shared cross-link","wft_25493bec57c23999"
"Route / station infrastructure","Mainstreet America","R8-JCT-ALLEY-W-R08","West Alley / R08 junction","landmark","complete","-57, 64, -124","/tp @s -57 64 -124","exact catalog point","false","point","x[-57] y[64] z[-124]","R08 shared cross-link","wft_2ce5d2c70f752b2c"
"Route / station infrastructure","Mainstreet America","R02","West Lane","road","complete","-82, 64, -218","/tp @s -82 64 -218","path start","false","path","x[-82] y[64] z[-218…84] · 2 waypoints","MainStreet America campus","wft_a95b3ac0a11a002c"
"Route / station infrastructure","Mainstreet America","JCT-R02-R06","West Lane / Brick Cross junction","road","complete","-82, 64, -83","/tp @s -82 64 -83","exact catalog point","false","point","x[-82] y[64] z[-83]","MainStreet America campus","wft_d83a6ed572a26e00"
"Route / station infrastructure","Mainstreet America","JCT-R02-R05","West Lane / Garden Cross junction","road","complete","-82, 64, 17","/tp @s -82 64 17","exact catalog point","false","point","x[-82] y[64] z[17]","MainStreet America campus","wft_5ee2bc041528eed5"
"Route / station infrastructure","Mainstreet America","JCT-R02-R07","West Lane / Service Cross junction","road","complete","-82, 64, -218","/tp @s -82 64 -218","exact catalog point","false","point","x[-82] y[64] z[-218]","MainStreet America campus","wft_2d98507a152ef604"
"Route / station infrastructure","Mainstreet America","JCT-R02-R04","West Lane / South Cross junction","road","complete","-82, 64, 84","/tp @s -82 64 84","exact catalog point","false","point","x[-82] y[64] z[84]","MainStreet America campus","wft_83a4f94eb95f2644"
"Route / station infrastructure","Mainstreet America","FENCE:BLK-WM","West Middle Homes white picket boundary","fence","complete","-44, ~, -33","/tp @s -44 ~ -33","derived polygon center","true","polygon","x[-80…-8] y[62…319] z[-80…14] · 4 vertices","West Middle Homes","wft_908b277107ec5fa8"
"Route / station infrastructure","Mainstreet America","FENCE:BLK-WN","West North Homes white picket boundary","fence","complete","-44, ~, -151","/tp @s -44 ~ -151","derived polygon center","true","polygon","x[-80…-8] y[62…319] z[-216…-86] · 4 vertices","West North Homes","wft_53cc30021f667ec4"
"Route / station infrastructure","Mainstreet America","R4-ALLEY-W","West Rear Alley","road","complete","-59, 64, -218","/tp @s -59 64 -218","path start","false","path","x[-59…-54] y[64…71] z[-218…70] · 289 waypoints","MainStreet America campus","wft_39fd837ae2f47ad0"
"Route / station infrastructure","Mainstreet America","FENCE:BLK-WS","West South Homes white picket boundary","fence","complete","-44, ~, 48","/tp @s -44 ~ 48","derived polygon center","true","polygon","x[-80…-8] y[62…319] z[20…76] · 4 vertices","West South Homes","wft_fb6dff414557461b"
"Route / station infrastructure","Mainstreet America","P01-SOUTH-ARRIVAL-WALK-WEST","West south-arrival walk","sidewalk","complete","-8, 64, 268","/tp @s -8 64 268","path start","false","path","x[-8] y[64…78] z[268…305] · 38 waypoints","Visitor parking and Arrival Gardens","wft_bdd57cb9db5639a4"
"Route / station infrastructure","Mainstreet America","R8-WF-WESTLIGHT","WESTLIGHT VENUE","landmark","complete","6, 64, -223","/tp @s 6 64 -223","exact catalog point","false","point","x[6] y[64] z[-223]","Service Cross","wft_38f26e01c74f93de"
"Route / station infrastructure","Mainstreet America","R4-WF-R01-R05","WF-R01-R05 route marking","landmark","complete","-3, 64, 17","/tp @s -3 64 17","path start","false","path","x[-3…3] y[64] z[17] · 7 waypoints","MainStreet America campus","wft_a2ad0c778e7c7480"
"Route / station infrastructure","Mainstreet America","R4-WF-R01-R06-B02","WF-R01-R06-B02 route marking","landmark","complete","-3, 64, -83","/tp @s -3 64 -83","path start","false","path","x[-3…3] y[64] z[-83] · 7 waypoints","MainStreet America campus","wft_e710a4b3aaf36894"
"Route / station infrastructure","Mainstreet America","R4-WF-R01-R07-B03","WF-R01-R07-B03 route marking","landmark","complete","-3, 64, -218","/tp @s -3 64 -218","path start","false","path","x[-3…3] y[64] z[-218] · 7 waypoints","MainStreet America campus","wft_39ceaf05420b76b6"
"Route / station infrastructure","Mainstreet America","R4-WF-R02-R07","WF-R02-R07 route marking","landmark","complete","-83, 64, -218","/tp @s -83 64 -218","path start","false","path","x[-83…-81] y[64] z[-218] · 3 waypoints","MainStreet America campus","wft_0401224968d001b0"
"Route / station infrastructure","Mainstreet America","R4-WF-R03-R07","WF-R03-R07 route marking","landmark","complete","83, 63, -218","/tp @s 83 63 -218","path start","false","path","x[83…85] y[63…64] z[-218] · 3 waypoints","MainStreet America campus","wft_473d728e5e5b5966"
"Route / station infrastructure","Ravensgate","RG-LOGGIA:ROOM:1:library-loggia","Library loggia — Library Loggia","room","complete","-108, 72, -440","/tp @s -108 72 -440","derived bounds center","true","bounds","x[-110…-107] y[69…74] z[-446…-434]","Library loggia","wft_9c2bab238982ab40"
"Route / station infrastructure","Ravensgate","RG-TEMPIETTO:ROOM:1:long-water-rotunda","Long Water tempietto — Long Water Rotunda","room","complete","-85, 72, -556","/tp @s -85 72 -556","derived bounds center","true","bounds","x[-92…-78] y[69…74] z[-561…-552]","Long Water tempietto","wft_9d8384a2130f32db"
"Route / station infrastructure","Ravensgate","RG-STOA:ROOM:1:south-stoa-walk","South stoa — South Stoa Walk","room","complete","-85, 72, -428","/tp @s -85 72 -428","derived bounds center","true","bounds","x[-104…-66] y[69…74] z[-430…-427]","South stoa","wft_65316d7bb0333569"
"Route / station infrastructure","Ravensreach","RRCH-ARCHITECT:ROOM:1:architect-living-room","Architect cottage — Architect Living Room","room","complete","-121, 71, -375","/tp @s -121 71 -375","derived bounds center","true","bounds","x[-123…-119] y[68…73] z[-379…-371]","Architect cottage","wft_c434a303c3cbf679"
"Route / station infrastructure","Ravensreach","RRCH-ARCHITECT:ROOM:1:architect-studio","Architect cottage — Architect Studio","room","complete","-115, 71, -375","/tp @s -115 71 -375","derived bounds center","true","bounds","x[-118…-113] y[68…73] z[-379…-371]","Architect cottage","wft_d564cb2565838337"
"Route / station infrastructure","Ravensreach","RRCH-GRANGE:ROOM:3:craft-loft","Grange Hall — Craft Loft","room","complete","-53, 86, -361","/tp @s -53 86 -361","derived bounds center","true","bounds","x[-64…-42] y[83…88] z[-369…-353]","Grange Hall","wft_7723567f2a574670"
"Route / station infrastructure","Ravensreach","RRCH-GRANGE:ROOM:1:garden-court","Grange Hall — Garden Court","room","complete","-53, 70, -361","/tp @s -53 70 -361","derived bounds center","true","bounds","x[-57…-50] y[68…72] z[-369…-353]","Grange Hall","wft_e2f2f8b25ec5a4c2"
"Route / station infrastructure","Ravensreach","RRCH-GRANGE:ROOM:1:main-hall","Grange Hall — Main Hall","room","complete","-61, 70, -361","/tp @s -61 70 -361","derived bounds center","true","bounds","x[-64…-58] y[68…72] z[-369…-353]","Grange Hall","wft_ecd0fdf4b40e1aec"
"Route / station infrastructure","Ravensreach","RRCH-GRANGE:ROOM:1:still-room","Grange Hall — Still Room","room","complete","-45, 70, -361","/tp @s -45 70 -361","derived bounds center","true","bounds","x[-49…-42] y[68…72] z[-369…-353]","Grange Hall","wft_4e4699ca1d78a2aa"
"Route / station infrastructure","Ravensreach","RRCH-GRANGE:ROOM:2:wall-walk-balcony","Grange Hall — Wall-Walk Balcony","room","complete","-53, 78, -361","/tp @s -53 78 -361","derived bounds center","true","bounds","x[-64…-42] y[74…81] z[-369…-353]","Grange Hall","wft_28734f071827c87b"
"Route / station infrastructure","Ravensreach","RRCH-GRANGE:CIRCULATION","Grange Hall vertical circulation","custom","complete","-53, 79, -361","/tp @s -53 79 -361","derived bounds center","true","bounds","x[-65…-41] y[67…90] z[-370…-352]","Grange Hall","wft_cb461b2696bdeaca"
"Route / station infrastructure","Ravensreach","RRCH-MARKET:ROOM:3:east-loft","Market Hall — East Loft","room","complete","-64, 80, -333","/tp @s -64 80 -333","derived bounds center","true","bounds","x[-72…-57] y[77…82] z[-343…-324]","Market Hall","wft_e239b8dc4c65956a"
"Route / station infrastructure","Ravensreach","RRCH-MARKET:ROOM:1:garden-court","Market Hall — Garden Court","room","complete","-48, 69, -333","/tp @s -48 69 -333","derived bounds center","true","bounds","x[-56…-40] y[68…69] z[-343…-324]","Market Hall","wft_6ab2c957fd648270"
"Route / station infrastructure","Ravensreach","RRCH-MARKET:ROOM:1:market-nave","Market Hall — Market Nave","room","complete","-64, 69, -333","/tp @s -64 69 -333","derived bounds center","true","bounds","x[-72…-57] y[68…69] z[-343…-324]","Market Hall","wft_9c9b56564d622b3c"
"Route / station infrastructure","Ravensreach","RRCH-MARKET:ROOM:3:west-loft","Market Hall — West Loft","room","complete","-48, 80, -333","/tp @s -48 80 -333","derived bounds center","true","bounds","x[-56…-40] y[77…82] z[-343…-324]","Market Hall","wft_ea2492c612deb420"
"Route / station infrastructure","Ravensreach","RRCH-MARKET:ROOM:2:works-terrace","Market Hall — Works Terrace","room","complete","-56, 73, -333","/tp @s -56 73 -333","derived bounds center","true","bounds","x[-72…-40] y[71…75] z[-343…-324]","Market Hall","wft_9051192b7d8c0100"
"Route / station infrastructure","Ravensreach","RRCH-MARKET:CIRCULATION","Market Hall vertical circulation","custom","complete","-56, 76, -333","/tp @s -56 76 -333","derived bounds center","true","bounds","x[-73…-39] y[67…84] z[-344…-323]","Market Hall","wft_2131bbc7bf6bb1b8"
"Route / station infrastructure","Ravensreach","RRCH-MASON:ROOM:1:mason-living-room","Mason cottage — Mason Living Room","room","complete","-55, 71, -375","/tp @s -55 71 -375","derived bounds center","true","bounds","x[-57…-53] y[68…73] z[-379…-371]","Mason cottage","wft_30f9de7b34e70dfc"
"Route / station infrastructure","Ravensreach","RRCH-MASON:ROOM:1:mason-workshop","Mason cottage — Mason Workshop","room","complete","-49, 71, -375","/tp @s -49 71 -375","derived bounds center","true","bounds","x[-52…-47] y[68…73] z[-379…-371]","Mason cottage","wft_2ec691152747240e"
"Route / station infrastructure","Ravensreach","RRCH-TOWN-HALL:CIRCULATION","Original Town Hall shell within Moot Hall vertical circulation","custom","complete","-85, 74, -374","/tp @s -85 74 -374","derived bounds center","true","bounds","x[-98…-72] y[67…80] z[-381…-368]","Original Town Hall shell within Moot Hall","wft_8b8b695976cea9fc"
"Route / station infrastructure","Ravensreach","RRCH-SCOUT:ROOM:1:field-gear-room","Scout cottage — Field-Gear Room","room","complete","-55, 71, -345","/tp @s -55 71 -345","derived bounds center","true","bounds","x[-58…-53] y[68…73] z[-349…-341]","Scout cottage","wft_01ff58b872ceda87"
"Route / station infrastructure","Ravensreach","RRCH-SCOUT:ROOM:1:scout-living-room","Scout cottage — Scout Living Room","room","complete","-61, 71, -345","/tp @s -61 71 -345","derived bounds center","true","bounds","x[-63…-59] y[68…73] z[-349…-341]","Scout cottage","wft_158c2f003f9efc48"
"Route / station infrastructure","Ravensreach","RRCH-STEWARD:ROOM:1:steward-living-room","Steward cottage — Steward Living Room","room","complete","-115, 71, -345","/tp @s -115 71 -345","derived bounds center","true","bounds","x[-117…-113] y[68…73] z[-349…-341]","Steward cottage","wft_200bf1960980aeec"
"Route / station infrastructure","Ravensreach","RRCH-STEWARD:ROOM:1:steward-office","Steward cottage — Steward Office","room","complete","-109, 71, -345","/tp @s -109 71 -345","derived bounds center","true","bounds","x[-112…-107] y[68…73] z[-349…-341]","Steward cottage","wft_03d45379438d66a4"
"Route / station infrastructure","Ravensreach","RRCH-SURVEYOR:ROOM:1:map-office","Surveyor cottage — Map Office","room","complete","-82, 71, -403","/tp @s -82 71 -403","derived bounds center","true","bounds","x[-85…-80] y[68…73] z[-406…-401]","Surveyor cottage","wft_a1a8b02e48134365"
"Route / station infrastructure","Ravensreach","RRCH-SURVEYOR:ROOM:1:surveyor-living-room","Surveyor cottage — Surveyor Living Room","room","complete","-88, 71, -403","/tp @s -88 71 -403","derived bounds center","true","bounds","x[-90…-86] y[68…73] z[-406…-401]","Surveyor cottage","wft_5faa22156d71132c"
"Route / station infrastructure","Ravensreach","RRCH-STOREHOUSE:ROOM:1:dry-goods-store","Town storehouse — Dry-Goods Store","room","complete","-80, 71, -414","/tp @s -80 71 -414","derived bounds center","true","bounds","x[-85…-76] y[68…73] z[-419…-409]","Town storehouse","wft_2b32a18eff76673c"
"Route / station infrastructure","Ravensreach","RRCH-STOREHOUSE:ROOM:1:receiving-bay","Town storehouse — Receiving Bay","room","complete","-90, 71, -414","/tp @s -90 71 -414","derived bounds center","true","bounds","x[-94…-86] y[68…73] z[-419…-409]","Town storehouse","wft_178bb43ff65bb575"
"Route / station infrastructure","Town Expansion R1","ARC-L2-RED-SUITE","adult-only, non-graphic furnished private red suite","room","complete","-125, 81, -290","/tp @s -125 81 -290","derived bounds center","true","bounds","x[-132…-119] y[78…83] z[-297…-284]","Architect House mini-mansion","wft_0d64cae3cf6d9258743bbb43"
"Route / station infrastructure","Town Expansion R1","MAS-L2-RED-SUITE","adult-only, non-graphic furnished private red suite","room","complete","-104, 76, -178","/tp @s -104 76 -178","derived bounds center","true","bounds","x[-112…-96] y[73…78] z[-181…-176]","Mason House mini-mansion","wft_d2deb76f171b61892244dcb8"
"Route / station infrastructure","Town Expansion R1","SCO-L2-RED-SUITE","adult-only, non-graphic furnished private red suite","room","complete","-67, 76, -239","/tp @s -67 76 -239","derived bounds center","true","bounds","x[-70…-64] y[73…78] z[-244…-234]","Scott House mini-mansion","wft_8afb7f342c56a2dd7568c50b"
"Route / station infrastructure","Town Expansion R1","STW-L2-RED-SUITE","adult-only, non-graphic furnished private red suite","room","complete","-63, 81, -290","/tp @s -63 81 -290","derived bounds center","true","bounds","x[-68…-59] y[78…83] z[-297…-284]","Steward House mini-mansion","wft_1b4da9dac18636ad15b13968"
"Route / station infrastructure","Town Expansion R1","SUR-L2-RED-SUITE","adult-only, non-graphic furnished private red suite","room","complete","-109, 76, -239","/tp @s -109 76 -239","derived bounds center","true","bounds","x[-115…-104] y[73…78] z[-244…-234]","Surveyor House mini-mansion","wft_4a48e90fdb96f322500cad60"
"Route / station infrastructure","Town Expansion R1","ARC-G-STUDIO","architect drafting/model studio","room","complete","-130, 73, -303","/tp @s -130 73 -303","derived bounds center","true","bounds","x[-135…-126] y[70…75] z[-308…-298]","Architect House mini-mansion","wft_920ac96d346bc9e626f391de"
"Route / station infrastructure","Town Expansion R1","RRCH-ARCHITECT","Architect House mini-mansion","building","complete","-125, 83, -296","/tp @s -125 83 -296","derived bounds center","true","bounds","x[-144…-106] y[69…96] z[-309…-283]","","wft_fea9ac45298a759da65b57b1"
"Route / station infrastructure","Town Expansion R1","ARC-GARAGE-6","Architect House mini-mansion attached automotive garage","parking","complete","-112, 73, -296","/tp @s -112 73 -296","derived bounds center","true","bounds","x[-118…-106] y[69…76] z[-309…-284]","Architect House mini-mansion","wft_ae58e6257eed866687bd10a3"
"Route / station infrastructure","Town Expansion R1","SCO-L2-BRIEFING-LIBRARY","briefing library and route archive","room","complete","-61, 76, -252","/tp @s -61 76 -252","derived bounds center","true","bounds","x[-63…-59] y[73…78] z[-257…-247]","Scott House mini-mansion","wft_9cd481a871068bc1befb301d"
"Route / station infrastructure","Town Expansion R1","MAS-G-STAIR-LOBBY","broad main stair lobby","room","complete","-117, 68, -186","/tp @s -117 68 -186","derived bounds center","true","bounds","x[-120…-114] y[65…70] z[-190…-183]","Mason House mini-mansion","wft_8ef9f41a1d5960136ab89f40"
"Route / station infrastructure","Town Expansion R1","SUR-L2-CHART-LIBRARY","chart library and reading desk","room","complete","-110, 76, -252","/tp @s -110 76 -252","derived bounds center","true","bounds","x[-115…-105] y[73…78] z[-257…-247]","Surveyor House mini-mansion","wft_ab7ce9af2e5c85bd43732311"
"Route / station infrastructure","Town Expansion R1","MAS-G-WORKSHOP","clean masonry studio and samples","room","complete","-104, 68, -186","/tp @s -104 68 -186","derived bounds center","true","bounds","x[-112…-96] y[65…70] z[-190…-183]","Mason House mini-mansion","wft_1736e9287beded64c703bfe2"
"Route / station infrastructure","Town Expansion R1","ARC-G-OFFICE","client office and plan archive","room","complete","-121, 73, -303","/tp @s -121 73 -303","derived bounds center","true","bounds","x[-124…-119] y[70…75] z[-308…-298]","Architect House mini-mansion","wft_30d5366c49e14712ce3062b8"
"Route / station infrastructure","Town Expansion R1","ARC-L2-DESIGN-LIBRARY","design library and budget desk","room","complete","-128, 81, -303","/tp @s -128 81 -303","derived bounds center","true","bounds","x[-132…-125] y[78…83] z[-308…-299]","Architect House mini-mansion","wft_4b9f3054ab975d8fb5f80e03"
"Route / station infrastructure","Town Expansion R1","MAS-G-DINING","dining","room","complete","-111, 68, -178","/tp @s -111 68 -178","derived bounds center","true","bounds","x[-115…-107] y[65…70] z[-181…-176]","Mason House mini-mansion","wft_2953accb4fa199f9059cb269"
"Route / station infrastructure","Town Expansion R1","SCO-G-KITCHEN-DINING","dining, kitchen, pantry and scullery","room","complete","-60, 68, -235","/tp @s -60 68 -235","derived bounds center","true","bounds","x[-62…-59] y[65…70] z[-237…-234]","Scott House mini-mansion","wft_1a0ad8ae5577ff0e25b9fedb"
"Route / station infrastructure","Town Expansion R1","SCO-G-STAIR-LOBBY","entry and broad main stair","room","complete","-69, 68, -252","/tp @s -69 68 -252","derived bounds center","true","bounds","x[-72…-66] y[65…70] z[-257…-247]","Scott House mini-mansion","wft_3fed86fbd22f0c45b8cac695"
"Route / station infrastructure","Town Expansion R1","SUR-G-STAIR-LOBBY","entry and broad main stair","room","complete","-101, 68, -252","/tp @s -101 68 -252","derived bounds center","true","bounds","x[-106…-96] y[65…70] z[-257…-247]","Surveyor House mini-mansion","wft_9ccc20c96e206ec06a437d57"
"Route / station infrastructure","Town Expansion R1","STW-G-ENTRY","entry, cloak and stair","room","complete","-75, 73, -304","/tp @s -75 73 -304","derived bounds center","true","bounds","x[-78…-73] y[70…75] z[-308…-300]","Steward House mini-mansion","wft_5ab1c7c2d6187b1a70472d8b"
"Route / station infrastructure","Town Expansion R1","ARC-G-ENTRY","entry, cloak and stair reception","room","complete","-140, 73, -304","/tp @s -140 73 -304","derived bounds center","true","bounds","x[-143…-137] y[70…75] z[-308…-301]","Architect House mini-mansion","wft_5ad1f0162e975aa03df266cf"
"Route / station infrastructure","Town Expansion R1","SCO-G-FIELD-GEAR","field gear, drying and equipment room","room","complete","-77, 68, -252","/tp @s -77 68 -252","derived bounds center","true","bounds","x[-80…-74] y[65…70] z[-257…-247]","Scott House mini-mansion","wft_640c44ea53f787600e3df781"
"Route / station infrastructure","Town Expansion R1","SUR-G-FIELD-OFFICE","field office, archives and equipment counter","room","complete","-112, 68, -252","/tp @s -112 68 -252","derived bounds center","true","bounds","x[-117…-108] y[65…70] z[-257…-247]","Surveyor House mini-mansion","wft_7272578696b55b7cd05bf323"
"Route / station infrastructure","Town Expansion R1","ARC-G-DINING","formal dining","room","complete","-128, 73, -290","/tp @s -128 73 -290","derived bounds center","true","bounds","x[-131…-126] y[70…75] z[-296…-284]","Architect House mini-mansion","wft_7965caff8356ace7f842b69f"
"Route / station infrastructure","Town Expansion R1","STW-G-DINING","formal dining","room","complete","-75, 73, -290","/tp @s -75 73 -290","derived bounds center","true","bounds","x[-78…-72] y[70…75] z[-297…-284]","Steward House mini-mansion","wft_7777687c585c547034b9ec23"
"Route / station infrastructure","Town Expansion R1","SUR-G-DINING","formal dining","room","complete","-101, 68, -239","/tp @s -101 68 -239","derived bounds center","true","bounds","x[-103…-100] y[65…70] z[-244…-234]","Surveyor House mini-mansion","wft_d34e6e3572c5a15ebeceeab4"
"Route / station infrastructure","Town Expansion R1","ARC-G-GREAT","great room and hearth","room","complete","-138, 73, -290","/tp @s -138 73 -290","derived bounds center","true","bounds","x[-143…-133] y[70…75] z[-296…-284]","Architect House mini-mansion","wft_ba3414d5f51a9454396a8c43"
"Route / station infrastructure","Town Expansion R1","MAS-G-GREAT","great room and hearth","room","complete","-122, 68, -178","/tp @s -122 68 -178","derived bounds center","true","bounds","x[-128…-117] y[65…70] z[-181…-176]","Mason House mini-mansion","wft_8c9a368584a469cb36f610eb"
"Route / station infrastructure","Town Expansion R1","SCO-G-GREAT","great room and hearth","room","complete","-60, 68, -241","/tp @s -60 68 -241","derived bounds center","true","bounds","x[-62…-59] y[65…70] z[-244…-239]","Scott House mini-mansion","wft_07a2bd3e1b68c0c5f403316f"
"Route / station infrastructure","Town Expansion R1","STW-G-GREAT","great room and hearth","room","complete","-61, 73, -303","/tp @s -61 73 -303","derived bounds center","true","bounds","x[-63…-59] y[70…75] z[-308…-299]","Steward House mini-mansion","wft_15b5624f44894e7cc86276d9"
"Route / station infrastructure","Town Expansion R1","SUR-G-GREAT","great room and hearth","room","complete","-107, 68, -239","/tp @s -107 68 -239","derived bounds center","true","bounds","x[-110…-105] y[65…70] z[-244…-234]","Surveyor House mini-mansion","wft_da853a76b3eaad7f3f89cf2c"
"Route / station infrastructure","Town Expansion R1","ARC-L2-GUEST-A","guest/family bedroom","room","complete","-121, 81, -303","/tp @s -121 81 -303","derived bounds center","true","bounds","x[-123…-119] y[78…83] z[-308…-299]","Architect House mini-mansion","wft_16952ee157c41190d0a06f64"
"Route / station infrastructure","Town Expansion R1","ARC-L2-GUEST-B","guest/family bedroom","room","complete","-138, 81, -290","/tp @s -138 81 -290","derived bounds center","true","bounds","x[-143…-134] y[78…83] z[-297…-284]","Architect House mini-mansion","wft_a27fe7560ab59bd8cfe65423"
"Route / station infrastructure","Town Expansion R1","MAS-L2-GUEST-A","guest/family bedroom","room","complete","-104, 76, -186","/tp @s -104 76 -186","derived bounds center","true","bounds","x[-112…-96] y[73…78] z[-190…-183]","Mason House mini-mansion","wft_f3a76d3cd81b66505128efea"
"Route / station infrastructure","Town Expansion R1","SCO-L2-GUEST-A","guest/family bedroom","room","complete","-68, 76, -252","/tp @s -68 76 -252","derived bounds center","true","bounds","x[-71…-65] y[73…78] z[-257…-247]","Scott House mini-mansion","wft_adc44458e2e06d5d02c80469"
"Route / station infrastructure","Town Expansion R1","SCO-L2-GUEST-B","guest/family bedroom","room","complete","-76, 76, -239","/tp @s -76 76 -239","derived bounds center","true","bounds","x[-80…-72] y[73…78] z[-244…-234]","Scott House mini-mansion","wft_7d0253631090aa33b93b018a"
"Route / station infrastructure","Town Expansion R1","STW-L2-GUEST-A","guest/family bedroom","room","complete","-67, 81, -303","/tp @s -67 81 -303","derived bounds center","true","bounds","x[-69…-65] y[78…83] z[-308…-299]","Steward House mini-mansion","wft_a4f2c37258fab13cdee8d122"
"Route / station infrastructure","Town Expansion R1","STW-L2-GUEST-B","guest/family bedroom","room","complete","-61, 81, -303","/tp @s -61 81 -303","derived bounds center","true","bounds","x[-63…-59] y[78…83] z[-308…-299]","Steward House mini-mansion","wft_5de9c2145b37f4beea8fb5c6"
"Route / station infrastructure","Town Expansion R1","SUR-L2-GUEST-A","guest/family bedroom","room","complete","-99, 76, -252","/tp @s -99 76 -252","derived bounds center","true","bounds","x[-103…-96] y[73…78] z[-257…-247]","Surveyor House mini-mansion","wft_8fcf43210d035405d4c9384c"
"Route / station infrastructure","Town Expansion R1","SUR-L2-GUEST-B","guest/family bedroom","room","complete","-122, 76, -239","/tp @s -122 76 -239","derived bounds center","true","bounds","x[-128…-117] y[73…78] z[-244…-234]","Surveyor House mini-mansion","wft_f954faf0e1503578e43ceb2a"
"Route / station infrastructure","Town Expansion R1","MAS-L2-GUEST-B","guest/family bedroom and sample library","room","complete","-121, 76, -178","/tp @s -121 76 -178","derived bounds center","true","bounds","x[-128…-114] y[73…78] z[-181…-176]","Mason House mini-mansion","wft_553603289fa309a224b76c5d"
"Route / station infrastructure","Town Expansion R1","STW-G-LIVING","household sitting and service room","room","complete","-61, 73, -290","/tp @s -61 73 -290","derived bounds center","true","bounds","x[-63…-59] y[70…75] z[-297…-284]","Steward House mini-mansion","wft_95bf648d8e21b60031e388ac"
"Route / station infrastructure","Town Expansion R1","ARC-G-KITCHEN","kitchen, pantry and scullery","room","complete","-121, 73, -290","/tp @s -121 73 -290","derived bounds center","true","bounds","x[-124…-119] y[70…75] z[-296…-284]","Architect House mini-mansion","wft_4c0fe1ac79fff2a67ee00711"
"Route / station infrastructure","Town Expansion R1","MAS-G-KITCHEN","kitchen, pantry and scullery","room","complete","-100, 68, -178","/tp @s -100 68 -178","derived bounds center","true","bounds","x[-105…-96] y[65…70] z[-181…-176]","Mason House mini-mansion","wft_5f687964389cc8fa90fa9cbc"
"Route / station infrastructure","Town Expansion R1","STW-G-KITCHEN","kitchen, pantry and scullery","room","complete","-67, 73, -290","/tp @s -67 73 -290","derived bounds center","true","bounds","x[-70…-65] y[70…75] z[-297…-284]","Steward House mini-mansion","wft_a6d811211ec8f658e44c80a7"
"Route / station infrastructure","Town Expansion R1","SUR-G-KITCHEN","kitchen, pantry and scullery","room","complete","-97, 68, -239","/tp @s -97 68 -239","derived bounds center","true","bounds","x[-98…-96] y[65…70] z[-244…-234]","Surveyor House mini-mansion","wft_497ad59942e49463ee338455"
"Route / station infrastructure","Town Expansion R1","STW-L2-LIBRARY","manager library and budget desk","room","complete","-74, 81, -290","/tp @s -74 81 -290","derived bounds center","true","bounds","x[-78…-70] y[78…83] z[-297…-284]","Steward House mini-mansion","wft_8858c8fc0d94e2c9b3e7e308"
"Route / station infrastructure","Town Expansion R1","RRCH-MASON","Mason House mini-mansion","building","complete","-112, 76, -189","/tp @s -112 76 -189","derived bounds center","true","bounds","x[-129…-95] y[64…88] z[-203…-175]","","wft_e32456957164a3dca8ae8436"
"Route / station infrastructure","Town Expansion R1","MAS-GARAGE-4","Mason House mini-mansion attached automotive garage","parking","complete","-120, 68, -197","/tp @s -120 68 -197","derived bounds center","true","bounds","x[-129…-112] y[64…71] z[-203…-191]","Mason House mini-mansion","wft_a2749ad735c0a7c72db10582"
"Route / station infrastructure","Town Expansion R1","ARC-L2-PRIMARY","primary bedroom, dressing and bath","room","complete","-138, 81, -303","/tp @s -138 81 -303","derived bounds center","true","bounds","x[-143…-134] y[78…83] z[-308…-299]","Architect House mini-mansion","wft_a517c049206bf91236753291"
"Route / station infrastructure","Town Expansion R1","MAS-L2-PRIMARY","primary bedroom, dressing and bath","room","complete","-121, 76, -186","/tp @s -121 76 -186","derived bounds center","true","bounds","x[-128…-114] y[73…78] z[-190…-183]","Mason House mini-mansion","wft_a2c1d057cdb9b3762673d659"
"Route / station infrastructure","Town Expansion R1","SCO-L2-PRIMARY","primary bedroom, dressing and bath","room","complete","-76, 76, -252","/tp @s -76 76 -252","derived bounds center","true","bounds","x[-80…-73] y[73…78] z[-257…-247]","Scott House mini-mansion","wft_da3e9c35cf7af44acb50ab7a"
"Route / station infrastructure","Town Expansion R1","STW-L2-PRIMARY","primary bedroom, dressing and bath","room","complete","-74, 81, -303","/tp @s -74 81 -303","derived bounds center","true","bounds","x[-78…-71] y[78…83] z[-308…-299]","Steward House mini-mansion","wft_161ac3b91193bfe8fcd3aad4"
"Route / station infrastructure","Town Expansion R1","SUR-L2-PRIMARY","primary bedroom, dressing and bath","room","complete","-122, 76, -252","/tp @s -122 76 -252","derived bounds center","true","bounds","x[-128…-117] y[73…78] z[-257…-247]","Surveyor House mini-mansion","wft_b271f15cb106190ce8056794"
"Route / station infrastructure","Town Expansion R1","RG-GARTH-STATUES","Rg Garth Statues","custom","complete","-80, 71, -436","/tp @s -80 71 -436","derived bounds center","true","bounds","x[-93…-68] y[67…74] z[-444…-428]","","wft_24876c4c199657258f5d10e5"
"Route / station infrastructure","Town Expansion R1","SCO-G-ROUTE-OFFICE","route-planning office and briefing table","room","complete","-61, 68, -252","/tp @s -61 68 -252","derived bounds center","true","bounds","x[-64…-59] y[65…70] z[-257…-247]","Scott House mini-mansion","wft_e46c0ded57afe2d4e6b6ec9b"
"Route / station infrastructure","Town Expansion R1","RRCH-ARCHITECT:FURNISHINGS","Rrch Architect Furnishings","custom","complete","-131, 77, -302","/tp @s -131 77 -302","derived bounds center","true","bounds","x[-143…-119] y[71…83] z[-308…-296]","","wft_35d6ed99a67edd70e1b1b5c1"
"Route / station infrastructure","Town Expansion R1","RRCH-ARCHITECT:GARAGE","Rrch Architect Garage","custom","complete","-112, 73, -296","/tp @s -112 73 -296","derived bounds center","true","bounds","x[-118…-106] y[69…76] z[-309…-284]","","wft_9b773e0a4b27c65b86a40aad"
"Route / station infrastructure","Town Expansion R1","RRCH-ARCHITECT:HOUSE:1","Rrch Architect House 1","custom","complete","-131, 78, -296","/tp @s -131 78 -296","derived bounds center","true","bounds","x[-144…-118] y[69…87] z[-309…-283]","","wft_7ec6e81971ef154ad721b312"
"Route / station infrastructure","Town Expansion R1","RRCH-ARCHITECT:MAIN-STAIR","Rrch Architect Main Stair","custom","complete","-142, 73, -304","/tp @s -142 73 -304","derived bounds center","true","bounds","x[-143…-141] y[69…77] z[-308…-301]","","wft_bf10808f21bbe84fad60c9be"
"Route / station infrastructure","Town Expansion R1","RRCH-ARCHITECT:PATIO","Rrch Architect Patio","custom","complete","-135, 74, -280","/tp @s -135 74 -280","derived bounds center","true","bounds","x[-144…-126] y[73…75] z[-282…-278]","","wft_f077e7f5ef4a1a1b35b092ed"
"Route / station infrastructure","Town Expansion R1","RRCH-ARCHITECT:PRIVATE-SUITE","Rrch Architect Private Suite","custom","complete","-125, 80, -292","/tp @s -125 80 -292","derived bounds center","true","bounds","x[-131…-120] y[79…80] z[-296…-288]","","wft_b15a47a0aab66ee1c24a23d3"
"Route / station infrastructure","Town Expansion R1","RRCH-ARCHITECT:PUBLIC-ENTRY","Rrch Architect Public Entry","custom","complete","-140, 71, -309","/tp @s -140 71 -309","derived bounds center","true","bounds","x[-140] y[70…71] z[-309]","","wft_62dcb867d1ffdaa04eb32624"
"Route / station infrastructure","Town Expansion R1","RRCH-ARCHITECT:REMOTE-STAIR","Rrch Architect Remote Stair","custom","complete","-143, 73, -287","/tp @s -143 73 -287","derived bounds center","true","bounds","x[-144…-142] y[69…77] z[-291…-284]","","wft_8dd4a56dea0ff0e822844ded"
"Route / station infrastructure","Town Expansion R1","RRCH-MASON:FURNISHINGS","Rrch Mason Furnishings","custom","complete","-114, 72, -185","/tp @s -114 72 -185","derived bounds center","true","bounds","x[-128…-100] y[66…78] z[-190…-181]","","wft_9f8aa3a13d4aa47444756e10"
"Route / station infrastructure","Town Expansion R1","RRCH-MASON:GARAGE","Rrch Mason Garage","custom","complete","-120, 68, -197","/tp @s -120 68 -197","derived bounds center","true","bounds","x[-129…-112] y[64…71] z[-203…-191]","","wft_61628888498769e55db1fd67"
"Route / station infrastructure","Town Expansion R1","RRCH-MASON:GARAGE-TURNING","Rrch Mason Garage Turning","custom","complete","-120, 64, -209","/tp @s -120 64 -209","derived bounds center","true","bounds","x[-132…-108] y[64] z[-214…-204]","","wft_ba1c0b3ac2e2e62ea2077ec8"
"Route / station infrastructure","Town Expansion R1","RRCH-MASON:HOUSE:1","Rrch Mason House 1","custom","complete","-112, 73, -183","/tp @s -112 73 -183","derived bounds center","true","bounds","x[-129…-95] y[64…81] z[-191…-175]","","wft_1d7ca701fc103a412510bd16"
"Route / station infrastructure","Town Expansion R1","RRCH-MASON:MAIN-STAIR","Rrch Mason Main Stair","custom","complete","-119, 68, -186","/tp @s -119 68 -186","derived bounds center","true","bounds","x[-120…-118] y[64…72] z[-190…-183]","","wft_6ef17453124abbc690e13cab"
"Route / station infrastructure","Town Expansion R1","RRCH-MASON:PATIO","Rrch Mason Patio","custom","complete","-119, 65, -171","/tp @s -119 65 -171","derived bounds center","true","bounds","x[-129…-110] y[64…66] z[-174…-169]","","wft_0b7a06b5c76a21052c4b2011"
"Route / station infrastructure","Town Expansion R1","RRCH-MASON:PRIVATE-SUITE","Rrch Mason Private Suite","custom","complete","-105, 75, -178","/tp @s -105 75 -178","derived bounds center","true","bounds","x[-111…-99] y[74…75] z[-180…-177]","","wft_3278b52cb1a8501b06586bd0"
"Route / station infrastructure","Town Expansion R1","RRCH-MASON:PUBLIC-ENTRY","Rrch Mason Public Entry","custom","complete","-95, 66, -186","/tp @s -95 66 -186","derived bounds center","true","bounds","x[-95] y[65…66] z[-186]","","wft_e5eee32c5cf9f975e421e817"
"Route / station infrastructure","Town Expansion R1","RRCH-MASON:REMOTE-STAIR","Rrch Mason Remote Stair","custom","complete","-127, 68, -178","/tp @s -127 68 -178","derived bounds center","true","bounds","x[-128…-126] y[64…72] z[-182…-175]","","wft_d52441abc788b0ad07e16738"
"Route / station infrastructure","Town Expansion R1","RRCH-SCOUT:FURNISHINGS","Rrch Scout Furnishings","custom","complete","-69, 72, -246","/tp @s -69 72 -246","derived bounds center","true","bounds","x[-80…-59] y[66…78] z[-257…-236]","","wft_4a4470e848e7c6d0223f0bad"
"Route / station infrastructure","Town Expansion R1","RRCH-SCOUT:GARAGE","Rrch Scout Garage","custom","complete","-72, 68, -239","/tp @s -72 68 -239","derived bounds center","true","bounds","x[-81…-64] y[64…71] z[-245…-233]","","wft_877d469ba4e79d1cb3e7af26"
"Route / station infrastructure","Town Expansion R1","RRCH-SCOUT:GARAGE-TURNING","Rrch Scout Garage Turning","custom","complete","-72, 64, -227","/tp @s -72 64 -227","derived bounds center","true","bounds","x[-84…-60] y[64] z[-232…-222]","","wft_fd64e32be736900fd58c9ac0"
"Route / station infrastructure","Town Expansion R1","RRCH-SCOUT:HOUSE:1","Rrch Scout House 1","custom","complete","-69, 73, -251","/tp @s -69 73 -251","derived bounds center","true","bounds","x[-81…-58] y[64…81] z[-258…-245]","","wft_9905cdfe223af2f6e795e247"
"Route / station infrastructure","Town Expansion R1","RRCH-SCOUT:HOUSE:2","Rrch Scout House 2","custom","complete","-60, 73, -239","/tp @s -60 73 -239","derived bounds center","true","bounds","x[-63…-58] y[64…81] z[-245…-233]","","wft_966b1b65f56956707bbf87fe"
"Route / station infrastructure","Town Expansion R1","RRCH-SCOUT:MAIN-STAIR","Rrch Scout Main Stair","custom","complete","-71, 68, -253","/tp @s -71 68 -253","derived bounds center","true","bounds","x[-72…-70] y[64…72] z[-257…-250]","","wft_69dad4e836a0dc189940554a"
"Route / station infrastructure","Town Expansion R1","RRCH-SCOUT:PATIO","Rrch Scout Patio","custom","complete","-70, 66, -264","/tp @s -70 66 -264","derived bounds center","true","bounds","x[-82…-58] y[65…67] z[-269…-260]","","wft_9b1e8c6de0268f4eac71f737"
"Route / station infrastructure","Town Expansion R1","RRCH-SCOUT:PRIVATE-SUITE","Rrch Scout Private Suite","custom","complete","-67, 75, -239","/tp @s -67 75 -239","derived bounds center","true","bounds","x[-69…-65] y[74…75] z[-243…-235]","","wft_493615824c55a3fa2fa7fa58"
"Route / station infrastructure","Town Expansion R1","RRCH-SCOUT:PUBLIC-ENTRY","Rrch Scout Public Entry","custom","complete","-81, 66, -251","/tp @s -81 66 -251","derived bounds center","true","bounds","x[-81] y[65…66] z[-251]","","wft_3cb578e10a4fcb2ec347b6df"
"Route / station infrastructure","Town Expansion R1","RRCH-SCOUT:REMOTE-STAIR","Rrch Scout Remote Stair","custom","complete","-62, 68, -248","/tp @s -62 68 -248","derived bounds center","true","bounds","x[-63…-61] y[64…72] z[-252…-245]","","wft_d88deb69e033f20262a6521a"
"Route / station infrastructure","Town Expansion R1","RRCH-STEWARD:FURNISHINGS","Rrch Steward Furnishings","custom","complete","-68, 77, -302","/tp @s -68 77 -302","derived bounds center","true","bounds","x[-78…-59] y[71…83] z[-308…-296]","","wft_d73d9a1ee1db5e84861a2946"
"Route / station infrastructure","Town Expansion R1","RRCH-STEWARD:GARAGE","Rrch Steward Garage","custom","complete","-85, 73, -296","/tp @s -85 73 -296","derived bounds center","true","bounds","x[-91…-79] y[69…76] z[-309…-284]","","wft_0d3909f937aef08f8dddb853"
"Route / station infrastructure","Town Expansion R1","RRCH-STEWARD:GARAGE-TURNING","Rrch Steward Garage Turning","custom","complete","-98, 75, -296","/tp @s -98 75 -296","derived bounds center","true","bounds","x[-105…-92] y[64…85] z[-310…-282]","","wft_e3c9989efbdd30e906ec90d9"
"Route / station infrastructure","Town Expansion R1","RRCH-STEWARD:HOUSE:1","Rrch Steward House 1","custom","complete","-68, 78, -296","/tp @s -68 78 -296","derived bounds center","true","bounds","x[-79…-58] y[69…86] z[-309…-283]","","wft_24abf3601a9c13d959c98039"
"Route / station infrastructure","Town Expansion R1","RRCH-STEWARD:MAIN-STAIR","Rrch Steward Main Stair","custom","complete","-77, 73, -304","/tp @s -77 73 -304","derived bounds center","true","bounds","x[-78…-76] y[69…77] z[-308…-301]","","wft_8d30384d52f4d832345d0e8e"
"Route / station infrastructure","Town Expansion R1","RRCH-STEWARD:PATIO","Rrch Steward Patio","custom","complete","-68, 70, -279","/tp @s -68 70 -279","derived bounds center","true","bounds","x[-78…-59] y[69…71] z[-282…-277]","","wft_5139cb76ca3e420dc15542d9"
"Route / station infrastructure","Town Expansion R1","RRCH-STEWARD:PRIVATE-SUITE","Rrch Steward Private Suite","custom","complete","-63, 80, -291","/tp @s -63 80 -291","derived bounds center","true","bounds","x[-67…-60] y[79…80] z[-296…-286]","","wft_c3d6ee32f8755dfa5cd24b54"
"Route / station infrastructure","Town Expansion R1","RRCH-STEWARD:PUBLIC-ENTRY","Rrch Steward Public Entry","custom","complete","-75, 71, -309","/tp @s -75 71 -309","derived bounds center","true","bounds","x[-75] y[70…71] z[-309]","","wft_994defb806c8354660ccdc0f"
"Route / station infrastructure","Town Expansion R1","RRCH-STEWARD:REMOTE-STAIR","Rrch Steward Remote Stair","custom","complete","-62, 73, -287","/tp @s -62 73 -287","derived bounds center","true","bounds","x[-63…-61] y[69…77] z[-291…-284]","","wft_5383716f91ce185947af0be9"
"Route / station infrastructure","Town Expansion R1","RRCH-SURVEYOR:FURNISHINGS","Rrch Surveyor Furnishings","custom","complete","-112, 72, -249","/tp @s -112 72 -249","derived bounds center","true","bounds","x[-128…-96] y[66…78] z[-257…-242]","","wft_a139dc3199fdb88d41a2a3f0"
"Route / station infrastructure","Town Expansion R1","RRCH-SURVEYOR:GARAGE","Rrch Surveyor Garage","custom","complete","-120, 68, -239","/tp @s -120 68 -239","derived bounds center","true","bounds","x[-129…-112] y[64…71] z[-245…-233]","","wft_d098cec9d54aba8394b91793"
"Route / station infrastructure","Town Expansion R1","RRCH-SURVEYOR:GARAGE-TURNING","Rrch Surveyor Garage Turning","custom","complete","-120, 66, -227","/tp @s -120 66 -227","derived bounds center","true","bounds","x[-132…-108] y[64…68] z[-232…-222]","","wft_acd5156acde91581327134ab"
"Route / station infrastructure","Town Expansion R1","RRCH-SURVEYOR:HOUSE:1","Rrch Surveyor House 1","custom","complete","-112, 73, -251","/tp @s -112 73 -251","derived bounds center","true","bounds","x[-129…-95] y[64…82] z[-258…-245]","","wft_0d1d4fd7c4deb47bf5759bfe"
"Route / station infrastructure","Town Expansion R1","RRCH-SURVEYOR:HOUSE:2","Rrch Surveyor House 2","custom","complete","-103, 73, -239","/tp @s -103 73 -239","derived bounds center","true","bounds","x[-111…-95] y[64…81] z[-245…-233]","","wft_9b7bff522bd90ad692d7e8fe"
"Route / station infrastructure","Town Expansion R1","RRCH-SURVEYOR:MAIN-STAIR","Rrch Surveyor Main Stair","custom","complete","-105, 68, -253","/tp @s -105 68 -253","derived bounds center","true","bounds","x[-106…-104] y[64…72] z[-257…-250]","","wft_5e236f248dfdb3b17e1d4f1a"
"Route / station infrastructure","Town Expansion R1","RRCH-SURVEYOR:PATIO","Rrch Surveyor Patio","custom","complete","-112, 66, -264","/tp @s -112 66 -264","derived bounds center","true","bounds","x[-130…-95] y[65…67] z[-269…-260]","","wft_bc8473e53080debf5e015ffa"
"Route / station infrastructure","Town Expansion R1","RRCH-SURVEYOR:PRIVATE-SUITE","Rrch Surveyor Private Suite","custom","complete","-109, 75, -239","/tp @s -109 75 -239","derived bounds center","true","bounds","x[-114…-105] y[74…75] z[-243…-236]","","wft_ddf90869aa112d4fdb6d82e3"
"Route / station infrastructure","Town Expansion R1","RRCH-SURVEYOR:PUBLIC-ENTRY","Rrch Surveyor Public Entry","custom","complete","-95, 66, -251","/tp @s -95 66 -251","derived bounds center","true","bounds","x[-95] y[65…66] z[-251]","","wft_62b0e1900f3b8e375c407180"
"Route / station infrastructure","Town Expansion R1","RRCH-SURVEYOR:REMOTE-STAIR","Rrch Surveyor Remote Stair","custom","complete","-128, 68, -248","/tp @s -128 68 -248","derived bounds center","true","bounds","x[-129…-127] y[64…72] z[-252…-245]","","wft_1850eef873b2b55bdc898f40"
"Route / station infrastructure","Town Expansion R1","RRCH-MV-EAST-CONNECTOR","RRCH-MV-EAST-CONNECTOR","road","complete","-52, ~, -262","/tp @s -52 ~ -262","derived bounds center","true","bounds","x[-55…-49] y[45…100] z[-310…-215]","","wft_53610885d46690a0571a82d2"
"Route / station infrastructure","Town Expansion R1","RRCH-MV-R07-WEST","RRCH-MV-R07-WEST","road","complete","-108, ~, -218","/tp @s -108 ~ -218","derived bounds center","true","bounds","x[-132…-84] y[45…100] z[-221…-215]","","wft_3960715e2c148bad8505195a"
"Route / station infrastructure","Town Expansion R1","RRCH-MV-UPPER-STREET","RRCH-MV-UPPER-STREET","road","complete","-97, ~, -314","/tp @s -97 ~ -314","derived bounds center","true","bounds","x[-145…-49] y[45…100] z[-317…-311]","","wft_3c1b0026304485628d8d22c1"
"Route / station infrastructure","Town Expansion R1","RRCH-SCOUT","Scott House mini-mansion","building","complete","-69, 76, -245","/tp @s -69 76 -245","derived bounds center","true","bounds","x[-81…-58] y[64…88] z[-258…-233]","","wft_db7d62a8ba73545ce532b997"
"Route / station infrastructure","Town Expansion R1","SCO-GARAGE-4","Scott House mini-mansion attached automotive garage","parking","complete","-72, 68, -239","/tp @s -72 68 -239","derived bounds center","true","bounds","x[-81…-64] y[64…71] z[-245…-233]","Scott House mini-mansion","wft_be7e9cc76acac3ab8174035d"
"Route / station infrastructure","Town Expansion R1","MAS-G-ENTRY","side entry and cloak","room","complete","-125, 68, -186","/tp @s -125 68 -186","derived bounds center","true","bounds","x[-128…-122] y[65…70] z[-190…-183]","Mason House mini-mansion","wft_0eb3cc4bb790362f568ac622"
"Route / station infrastructure","Town Expansion R1","RRCH-STEWARD","Steward House mini-mansion","building","complete","-74, 81, -296","/tp @s -74 81 -296","derived bounds center","true","bounds","x[-91…-58] y[69…92] z[-309…-283]","","wft_f210d57904ab63b662355a9d"
"Route / station infrastructure","Town Expansion R1","STW-GARAGE-6","Steward House mini-mansion attached automotive garage","parking","complete","-85, 73, -296","/tp @s -85 73 -296","derived bounds center","true","bounds","x[-91…-79] y[69…76] z[-309…-284]","Steward House mini-mansion","wft_f3ed235723e60a1ba403f68d"
"Route / station infrastructure","Town Expansion R1","STW-G-OFFICE","steward office and records counter","room","complete","-68, 73, -303","/tp @s -68 73 -303","derived bounds center","true","bounds","x[-71…-65] y[70…75] z[-308…-299]","Steward House mini-mansion","wft_bc83b3d8245a328e1b705590"
"Route / station infrastructure","Town Expansion R1","SUR-G-MAP-STUDIO","survey map room and plotting tables","room","complete","-123, 68, -252","/tp @s -123 68 -252","derived bounds center","true","bounds","x[-128…-119] y[65…70] z[-257…-247]","Surveyor House mini-mansion","wft_30e78cd8fff9fc0f4a985d14"
"Route / station infrastructure","Town Expansion R1","RRCH-SURVEYOR","Surveyor House mini-mansion","building","complete","-112, 76, -245","/tp @s -112 76 -245","derived bounds center","true","bounds","x[-129…-95] y[64…88] z[-258…-233]","","wft_d92515fc48429e9ce797c646"
"Route / station infrastructure","Town Expansion R1","SUR-GARAGE-4","Surveyor House mini-mansion attached automotive garage","parking","complete","-120, 68, -239","/tp @s -120 68 -239","derived bounds center","true","bounds","x[-129…-112] y[64…71] z[-245…-233]","Surveyor House mini-mansion","wft_41ddacef3f413a7a661e0158"
"Route / station infrastructure","Town Expansion R1","TE-ATTACHED-GARAGE-C02","Te Attached Garage C02","custom","complete","-73, 70, 28","/tp @s -73 70 28","derived bounds center","true","bounds","x[-79…-68] y[64…75] z[6…50]","","wft_b83db3be2ffd4c257c00d8ab"
"Route / station infrastructure","Town Expansion R1","TE-ATTACHED-GARAGE-C03","Te Attached Garage C03","custom","complete","74, 74, 45","/tp @s 74 74 45","derived bounds center","true","bounds","x[68…79] y[64…84] z[39…51]","","wft_ac3d6eeba7213b59a857a72e"
"Route / station infrastructure","Town Expansion R1","TE-ATTACHED-GARAGE-C04","Te Attached Garage C04","custom","complete","-73, 67, -55","/tp @s -73 67 -55","derived bounds center","true","bounds","x[-79…-68] y[64…70] z[-61…-50]","","wft_58acaa631186964186655ebf"
"Route / station infrastructure","Town Expansion R1","TE-ATTACHED-GARAGE-C05","Te Attached Garage C05","custom","complete","74, 75, -55","/tp @s 74 75 -55","derived bounds center","true","bounds","x[68…79] y[64…85] z[-61…-50]","","wft_07e0f44dc0759eb56b7300ca"
"Route / station infrastructure","Town Expansion R1","TE-ATTACHED-GARAGE-C06","Te Attached Garage C06","custom","complete","-73, 67, -190","/tp @s -73 67 -190","derived bounds center","true","bounds","x[-79…-68] y[64…70] z[-202…-179]","","wft_1d0e02a4e44607683274ea37"
"Route / station infrastructure","Town Expansion R1","TE-ATTACHED-GARAGE-C07","Te Attached Garage C07","custom","complete","73, 67, -153","/tp @s 73 67 -153","derived bounds center","true","bounds","x[68…78] y[64…70] z[-161…-145]","","wft_74fd915fd7fad504c787681f"
"Route / station infrastructure","Town Expansion R1","TE-ATTACHED-GARAGE-H01","Te Attached Garage H01","custom","complete","-50, 68, 54","/tp @s -50 68 54","derived bounds center","true","bounds","x[-55…-46] y[64…72] z[42…66]","","wft_6ae725cf50b043ccd88a4b60"
"Route / station infrastructure","Town Expansion R1","TE-ATTACHED-GARAGE-H02","Te Attached Garage H02","custom","complete","-48, 68, 5","/tp @s -48 68 5","derived bounds center","true","bounds","x[-55…-41] y[64…72] z[0…10]","","wft_777e0ef11be3ea9818fe8a45"
"Route / station infrastructure","Town Expansion R1","TE-ATTACHED-GARAGE-H03","Te Attached Garage H03","custom","complete","-50, 68, -45","/tp @s -50 68 -45","derived bounds center","true","bounds","x[-55…-46] y[64…72] z[-53…-37]","","wft_4c1acbf819ccf3b46b379d62"
"Route / station infrastructure","Town Expansion R1","TE-ATTACHED-GARAGE-H04","Te Attached Garage H04","custom","complete","-49, 68, -96","/tp @s -49 68 -96","derived bounds center","true","bounds","x[-55…-43] y[64…72] z[-101…-91]","","wft_d0c95a926e44b435b31f82bd"
"Route / station infrastructure","Town Expansion R1","TE-ATTACHED-GARAGE-H05","Te Attached Garage H05","custom","complete","-50, 68, -149","/tp @s -50 68 -149","derived bounds center","true","bounds","x[-55…-46] y[64…72] z[-154…-144]","","wft_045aeea08ac69bd7c1d4ddd5"
"Route / station infrastructure","Town Expansion R1","TE-ATTACHED-GARAGE-H06","Te Attached Garage H06","custom","complete","-51, 68, -197","/tp @s -51 68 -197","derived bounds center","true","bounds","x[-56…-47] y[64…72] z[-202…-192]","","wft_984b810c8cae09f89ddc4e62"
"Route / station infrastructure","Town Expansion R1","TE-ATTACHED-GARAGE-H07","Te Attached Garage H07","custom","complete","36, 75, 32","/tp @s 36 75 32","derived bounds center","true","bounds","x[20…52] y[69…80] z[21…42]","","wft_f302d426172ab996466e1970"
"Route / station infrastructure","Town Expansion R1","TE-ATTACHED-GARAGE-H08","Te Attached Garage H08","custom","complete","51, 72, 5","/tp @s 51 72 5","derived bounds center","true","bounds","x[43…59] y[64…79] z[-3…13]","","wft_d73463d3a58e88ae308e291a"
"Route / station infrastructure","Town Expansion R1","TE-ATTACHED-GARAGE-H09","Te Attached Garage H09","custom","complete","52, 74, -49","/tp @s 52 74 -49","derived bounds center","true","bounds","x[45…59] y[64…84] z[-57…-41]","","wft_a8945ff4fef4681b4a9decdd"
"Route / station infrastructure","Town Expansion R1","TE-ATTACHED-GARAGE-H10","Te Attached Garage H10","custom","complete","50, 68, -98","/tp @s 50 68 -98","derived bounds center","true","bounds","x[45…54] y[64…72] z[-106…-90]","","wft_311f51ea521d90aefd020daf"
"Route / station infrastructure","Town Expansion R1","TE-ATTACHED-GARAGE-H11","Te Attached Garage H11","custom","complete","46, 68, -146","/tp @s 46 68 -146","derived bounds center","true","bounds","x[38…54] y[64…71] z[-151…-141]","","wft_228d31dcd7a0ebf4b5767ee9"
"Route / station infrastructure","Town Expansion R1","TE-ATTACHED-GARAGE-H12","Te Attached Garage H12","custom","complete","48, 68, -193","/tp @s 48 68 -193","derived bounds center","true","bounds","x[42…53] y[64…71] z[-199…-188]","","wft_28a0cae2816d7fd075e8b7af"
"Route / station infrastructure","Town Expansion R1","TE-COURT-01","Te Court 01","custom","complete","-85, 71, -361","/tp @s -85 71 -361","derived bounds center","true","bounds","x[-104…-66] y[67…74] z[-365…-357]","","wft_0d6849b68fd4a8053853e4be"
"Route / station infrastructure","Town Expansion R1","TE-IA-200-SEAT-AUDITORIUM","Te Ia 200 Seat Auditorium","custom","complete","817, 80, -495","/tp @s 817 80 -495","derived bounds center","true","bounds","x[804…830] y[72…88] z[-514…-477]","","wft_55ee83cd3505d67974c44f56"
"Route / station infrastructure","Town Expansion R1","TE-IA-200-SEAT-CINEMA","Te Ia 200 Seat Cinema","custom","complete","844, 80, -495","/tp @s 844 80 -495","derived bounds center","true","bounds","x[831…857] y[72…88] z[-514…-477]","","wft_890b137ee654108a696f9c10"
"Route / station infrastructure","Town Expansion R1","TE-IA-DATA-DM01","Te Ia Data Dm01","custom","complete","742, ~, -682","/tp @s 742 ~ -682","derived bounds center","true","bounds","x[720…764] y[59…93] z[-701…-663]","","wft_527fd6a04ea8aa62633901c9"
"Route / station infrastructure","Town Expansion R1","TE-IA-DATA-DM03","Te Ia Data Dm03","custom","complete","742, 80, -639","/tp @s 742 80 -639","derived bounds center","true","bounds","x[720…764] y[68…92] z[-658…-620]","","wft_be440cd4d36395be29199a40"
"Route / station infrastructure","Town Expansion R1","TE-IA-DATA-DM04","Te Ia Data Dm04","custom","complete","789, 81, -639","/tp @s 789 81 -639","derived bounds center","true","bounds","x[767…811] y[69…93] z[-658…-620]","","wft_556f6f363f2e4a00289c71c7"
"Route / station infrastructure","Town Expansion R1","TE-IA-DATA-DM05","Te Ia Data Dm05","custom","complete","836, 79, -682","/tp @s 836 79 -682","derived bounds center","true","bounds","x[814…858] y[64…93] z[-701…-663]","","wft_647bfe5995966f8277375eba"
"Route / station infrastructure","Town Expansion R1","TE-IA-DATA-DM06","Te Ia Data Dm06","custom","complete","695, 79, -682","/tp @s 695 79 -682","derived bounds center","true","bounds","x[673…717] y[66…91] z[-701…-663]","","wft_c58fccbc08a5999e7491b344"
"Route / station infrastructure","Town Expansion R1","TE-IA-DATA-DM07","Te Ia Data Dm07","custom","complete","836, 77, -639","/tp @s 836 77 -639","derived bounds center","true","bounds","x[814…858] y[64…89] z[-658…-620]","","wft_244b5827e3bc1e5a4e2841c7"
"Route / station infrastructure","Town Expansion R1","TE-IA-DATA-DM09","Te Ia Data Dm09","custom","complete","601, 76, -510","/tp @s 601 76 -510","derived bounds center","true","bounds","x[579…623] y[62…89] z[-529…-491]","","wft_bb6b6faca993ead54539d9a0"
"Route / station infrastructure","Town Expansion R1","TE-IA-DATA-DM10","Te Ia Data Dm10","custom","complete","772, 80, -525","/tp @s 772 80 -525","derived bounds center","true","bounds","x[743…800] y[65…94] z[-550…-500]","","wft_86d03ee3e556777dde95ec77"
"Route / station infrastructure","Town Expansion R1","TE-IA-DATA-DM11","Te Ia Data Dm11","custom","complete","648, 72, -510","/tp @s 648 72 -510","derived bounds center","true","bounds","x[626…670] y[57…87] z[-529…-491]","","wft_30ae094d5929d67a9b52c20a"
"Route / station infrastructure","Town Expansion R1","TE-IA-DATA-DM12","Te Ia Data Dm12","custom","complete","695, 78, -510","/tp @s 695 78 -510","derived bounds center","true","bounds","x[673…717] y[64…92] z[-529…-491]","","wft_7fbc607255b08dcca2e4f6a2"
"Route / station infrastructure","Town Expansion R1","TE-IA-DATA-DM13","Te Ia Data Dm13","custom","complete","977, 76, -553","/tp @s 977 76 -553","derived bounds center","true","bounds","x[955…999] y[63…88] z[-572…-534]","","wft_c7ca1f58ad48af291cf66d8f"
"Route / station infrastructure","Town Expansion R1","TE-IA-DATA-DM15","Te Ia Data Dm15","custom","complete","930, 77, -424","/tp @s 930 77 -424","derived bounds center","true","bounds","x[908…952] y[62…92] z[-443…-405]","","wft_4857a4465f2d693454198635"
"Route / station infrastructure","Town Expansion R1","TE-IA-DATA-DM16","Te Ia Data Dm16","custom","complete","977, 80, -424","/tp @s 977 80 -424","derived bounds center","true","bounds","x[955…999] y[67…93] z[-443…-405]","","wft_24966ee8c2bede78ed21488c"
"Route / station infrastructure","Town Expansion R1","TE-IA-DATA-DM17","Te Ia Data Dm17","custom","complete","883, 80, -381","/tp @s 883 80 -381","derived bounds center","true","bounds","x[861…905] y[68…92] z[-400…-362]","","wft_1630633db889b4dec436bc71"
"Route / station infrastructure","Town Expansion R1","TE-IA-DATA-DM18","Te Ia Data Dm18","custom","complete","930, 85, -381","/tp @s 930 85 -381","derived bounds center","true","bounds","x[908…952] y[70…100] z[-400…-362]","","wft_d126030c12c4149b6e5f5883"
"Route / station infrastructure","Town Expansion R1","TE-IA-DATA-DM40","Te Ia Data Dm40","custom","complete","836, 76, -338","/tp @s 836 76 -338","derived bounds center","true","bounds","x[814…858] y[63…89] z[-357…-319]","","wft_a038aeeb8851c20fceba9415"
"Route / station infrastructure","Town Expansion R1","TE-IA-DATA-DM42","Te Ia Data Dm42","custom","complete","930, 83, -338","/tp @s 930 83 -338","derived bounds center","true","bounds","x[908…952] y[68…98] z[-357…-319]","","wft_d7e770d4bbcc6e1d7c82938d"
"Route / station infrastructure","Town Expansion R1","TE-IA-DATA-DM43","Te Ia Data Dm43","custom","complete","836, 77, -295","/tp @s 836 77 -295","derived bounds center","true","bounds","x[814…858] y[63…91] z[-314…-276]","","wft_6ecfdd9c6ac7cea1c2b88f5e"
"Route / station infrastructure","Town Expansion R1","TE-IA-DATA-DM44","Te Ia Data Dm44","custom","complete","883, 72, -295","/tp @s 883 72 -295","derived bounds center","true","bounds","x[861…905] y[56…87] z[-314…-276]","","wft_17389110cd84d7d7777c26f4"
"Route / station infrastructure","Town Expansion R1","TE-IA-DATA-DM45","Te Ia Data Dm45","custom","complete","930, 76, -295","/tp @s 930 76 -295","derived bounds center","true","bounds","x[908…952] y[61…90] z[-314…-276]","","wft_c4655582034ce96ab4fc7108"
"Route / station infrastructure","Town Expansion R1","TE-IA-DISTRICT-GOOGLE","Te Ia District Google","custom","complete","1205, 78, -511","/tp @s 1205 78 -511","derived bounds center","true","bounds","x[1155…1255] y[64…92] z[-550…-472]","","wft_77a5d468f3036f8af1810f22"
"Route / station infrastructure","Town Expansion R1","TE-IA-DISTRICT-GOOGLE-MODULAR_UTILITY_BUILDING_A","Te Ia District Google Modular Utility Building A","custom","complete","1170, 77, -486","/tp @s 1170 77 -486","derived bounds center","true","bounds","x[1159…1181] y[68…86] z[-493…-479]","","wft_69a7a3fc954849745197935b"
"Route / station infrastructure","Town Expansion R1","TE-IA-DISTRICT-GOOGLE-MODULAR_UTILITY_BUILDING_B","Te Ia District Google Modular Utility Building B","custom","complete","1196, 76, -486","/tp @s 1196 76 -486","derived bounds center","true","bounds","x[1185…1207] y[67…85] z[-493…-479]","","wft_d995d63db209ed70265371e6"
"Route / station infrastructure","Town Expansion R1","TE-IA-DISTRICT-GOOGLE-REPAIR_STAGING_BUILDING","Te Ia District Google Repair Staging Building","custom","complete","1244, 77, -486","/tp @s 1244 77 -486","derived bounds center","true","bounds","x[1237…1251] y[68…85] z[-493…-479]","","wft_0ebb7eb09f0e592870608c4a"
"Route / station infrastructure","Town Expansion R1","TE-IA-DISTRICT-GOOGLE-SUBSTATION","Te Ia District Google Substation","custom","complete","1247, 70, -532","/tp @s 1247 70 -532","derived bounds center","true","bounds","x[1241…1253] y[64…75] z[-544…-520]","","wft_ff13615a7623bc8ee65c4f3a"
"Route / station infrastructure","Town Expansion R1","TE-IA-DISTRICT-GOOGLE-VISITOR_OPERATIONS_BUILDING","Te Ia District Google Visitor Operations Building","custom","complete","1222, 76, -486","/tp @s 1222 76 -486","derived bounds center","true","bounds","x[1211…1233] y[66…85] z[-493…-479]","","wft_38cff0bfaeb13445958a09e7"
"Route / station infrastructure","Town Expansion R1","TE-IA-DISTRICT-LIGHTEDGE-EDGEBCC","Te Ia District Lightedge Edgebcc","custom","complete","1083, ~, -338","/tp @s 1083 ~ -338","derived bounds center","true","bounds","x[1040…1126] y[64…117] z[-380…-297]","","wft_5d7e2cd189365a3ca3425ba7"
"Route / station infrastructure","Town Expansion R1","TE-IA-DISTRICT-LIGHTEDGE-EDGEBCC-RECOVERY_ADMIN_BUILDING","Te Ia District Lightedge Edgebcc Recovery Admin Building","custom","complete","1087, 97, -315","/tp @s 1087 97 -315","derived bounds center","true","bounds","x[1073…1101] y[82…111] z[-324…-306]","","wft_cd7f5ed83c09bb741c5bb65c"
"Route / station infrastructure","Town Expansion R1","TE-IA-DISTRICT-LIGHTEDGE-EDGEBCC-SERVICE_AND_REPAIR_CENTER","Te Ia District Lightedge Edgebcc Service And Repair Center","custom","complete","1113, 105, -315","/tp @s 1113 105 -315","derived bounds center","true","bounds","x[1104…1121] y[94…116] z[-324…-306]","","wft_145c5d2d335d6a7268734604"
"Route / station infrastructure","Town Expansion R1","TE-IA-DISTRICT-LIGHTEDGE-EDGEBCC-SUBSTATION","Te Ia District Lightedge Edgebcc Substation","custom","complete","1057, 85, -314","/tp @s 1057 85 -314","derived bounds center","true","bounds","x[1045…1069] y[72…97] z[-323…-305]","","wft_c3475bfad3987c9590546d60"
"Route / station infrastructure","Town Expansion R1","TE-IA-DISTRICT-META","Te Ia District Meta","custom","complete","1090, ~, -511","/tp @s 1090 ~ -511","derived bounds center","true","bounds","x[1040…1140] y[40…100] z[-550…-472]","","wft_6a7523db53ee1cdf40201891"
"Route / station infrastructure","Town Expansion R1","TE-IA-DISTRICT-META-MATERIALS_RECOVERY_AND_STAFF_SUPPORT","Te Ia District Meta Materials Recovery And Staff Support","custom","complete","1131, 81, -509","/tp @s 1131 81 -509","derived bounds center","true","bounds","x[1124…1138] y[73…88] z[-515…-503]","","wft_bf2d0b5324c96556f29151ca"
"Route / station infrastructure","Town Expansion R1","TE-IA-DISTRICT-META-OPERATIONS_TRAINING_CENTER","Te Ia District Meta Operations Training Center","custom","complete","1131, 81, -531","/tp @s 1131 81 -531","derived bounds center","true","bounds","x[1124…1138] y[72…89] z[-544…-519]","","wft_23d8eb8b2d6cc61c67103fe6"
"Route / station infrastructure","Town Expansion R1","TE-IA-DISTRICT-META-SUBSTATION","Te Ia District Meta Substation","custom","complete","1131, 76, -490","/tp @s 1131 76 -490","derived bounds center","true","bounds","x[1124…1138] y[71…80] z[-500…-480]","","wft_f2d9dfa3dd98eddf72a5591c"
"Route / station infrastructure","Town Expansion R1","TE-IA-DISTRICT-ROAD-NETWORK","Te Ia District Road Network","custom","complete","925, ~, -488","/tp @s 925 ~ -488","derived bounds center","true","bounds","x[567…1283] y[62…100] z[-713…-264]","","wft_07b427473edc10d828cffd4a"
"Route / station infrastructure","Town Expansion R1","TE-IA-DISTRICT-SHARED-GRID","Te Ia District Shared Grid","custom","complete","1150, ~, -396","/tp @s 1150 ~ -396","derived bounds center","true","bounds","x[1000…1300] y[63…135] z[-620…-172]","","wft_7a399266df142ccb1e5e92b1"
"Route / station infrastructure","Town Expansion R1","TE-IA-DISTRICT-WORKER-COMMONS-DISC-GOLF","Te Ia District Worker Commons Disc Golf","custom","complete","1192, ~, -249","/tp @s 1192 ~ -249","derived bounds center","true","bounds","x[1110…1273] y[58…127] z[-298…-201]","","wft_86d95c962ba542946694d0eb"
"Route / station infrastructure","Town Expansion R1","TE-IA-HOLDOUT-HOME","Te Ia Holdout Home","custom","complete","599, 75, -142","/tp @s 599 75 -142","derived bounds center","true","bounds","x[573…625] y[63…86] z[-176…-108]","","wft_420d79275efa1ab9200b8024"
"Route / station infrastructure","Town Expansion R1","TE-IA-HOLDOUT-HOME-GARAGE","Te Ia Holdout Home Garage","custom","complete","585, 74, -163","/tp @s 585 74 -163","derived bounds center","true","bounds","x[574…595] y[69…79] z[-176…-150]","","wft_69f96100d9662c2216017856"
"Route / station infrastructure","Town Expansion R1","TE-IA-HOLDOUT-HOME-ROAD","Te Ia Holdout Home Road","custom","complete","573, 68, -197","/tp @s 573 68 -197","derived bounds center","true","bounds","x[557…588] y[61…75] z[-222…-173]","","wft_082aca1dff753c77e15889bb"
"Route / station infrastructure","Town Expansion R1","TE-IA-HOLDOUT-HOME-TREE-PLAYHOUSE","Te Ia Holdout Home Tree Playhouse","custom","complete","610, 74, -117","/tp @s 610 74 -117","derived bounds center","true","bounds","x[600…619] y[64…83] z[-127…-108]","","wft_b8011ae8eab56aeea3560cbb"
"Route / station infrastructure","Town Expansion R1","TE-IA-MEGACAMPUS-POLLINATOR","Te Ia Megacampus Pollinator","custom","complete","754, 70, -600","/tp @s 754 70 -600","derived bounds center","true","bounds","x[697…810] y[67…73] z[-626…-575]","","wft_453a76dbbdc3321f2fb5544f"
"Route / station infrastructure","Town Expansion R1","TE-IA-NOC","Te Ia Noc","custom","complete","831, 83, -533","/tp @s 831 83 -533","derived bounds center","true","bounds","x[804…857] y[73…92] z[-550…-517]","","wft_0e2a4ab115a6778e566ae28c"
"Route / station infrastructure","Town Expansion R1","TE-IA-OUTER-COMPOUND","Te Ia Outer Compound","custom","complete","514, 89, -245","/tp @s 514 89 -245","derived bounds center","true","bounds","x[465…563] y[74…103] z[-310…-180]","","wft_ac746c93a3780f27b58a33a4"
"Route / station infrastructure","Town Expansion R1","TE-IA-OUTER-WAREHOUSE-A","Te Ia Outer Warehouse A","custom","complete","490, 83, -280","/tp @s 490 83 -280","derived bounds center","true","bounds","x[469…511] y[74…92] z[-301…-259]","","wft_b1805dd1cc974b61726df41e"
"Route / station infrastructure","Town Expansion R1","TE-IA-OUTER-WAREHOUSE-B","Te Ia Outer Warehouse B","custom","complete","536, 84, -280","/tp @s 536 84 -280","derived bounds center","true","bounds","x[515…557] y[74…93] z[-301…-259]","","wft_e8a5a353499c50d11bf42678"
"Route / station infrastructure","Town Expansion R1","TE-IA-POWER-CAMPUS","Te Ia Power Campus","custom","complete","697, 82, -587","/tp @s 697 82 -587","derived bounds center","true","bounds","x[675…719] y[77…87] z[-605…-569]","","wft_c0783f677c55266ce4a5ea48"
"Route / station infrastructure","Town Expansion R1","TE-IA-RAVENSREACH-DIRT-ROAD","Te Ia Ravensreach Dirt Road","custom","complete","300, 76, -232","/tp @s 300 76 -232","derived bounds center","true","bounds","x[130…470] y[69…82] z[-248…-217]","","wft_e89635d90c2b6e25e3bf38b2"
"Route / station infrastructure","Town Expansion R1","TE-IA-STAFF-LODGE","Te Ia Staff Lodge","custom","complete","1002, 103, -310","/tp @s 1002 103 -310","derived bounds center","true","bounds","x[979…1025] y[89…117] z[-331…-289]","","wft_5d9389ba99ac0bebca70b280"
"Route / station infrastructure","Town Expansion R1","TE-IA-VENUE-BOH","Te Ia Venue Boh","custom","complete","831, 81, -468","/tp @s 831 81 -468","derived bounds center","true","bounds","x[804…857] y[73…88] z[-477…-459]","","wft_93022eeca2cff6b7cdb1336c"
"Route / station infrastructure","Town Expansion R1","TE-LONGHOUSE-01","Te Longhouse 01","custom","complete","-85, 79, -349","/tp @s -85 79 -349","derived bounds center","true","bounds","x[-105…-66] y[67…90] z[-357…-341]","","wft_bc01e69ad93ce7fcd8aed542"
"Route / station infrastructure","Town Expansion R1","TE-MAINSTREET-EMPLOYEE-LOUNGE","Te Mainstreet Employee Lounge","custom","complete","-83, 70, 106","/tp @s -83 70 106","derived bounds center","true","bounds","x[-95…-72] y[63…77] z[89…122]","","wft_19fb84933823759c1bb62660"
"Route / station infrastructure","Town Expansion R1","TE-OASIS-01","Te Oasis 01","custom","complete","-228, 78, -496","/tp @s -228 78 -496","derived bounds center","true","bounds","x[-248…-209] y[70…86] z[-510…-482]","","wft_92efa733bfec629be557f009"
"Route / station infrastructure","Town Expansion R1","TE-OBS-DISH-FARM","Te Obs Dish Farm","custom","complete","256, 112, 111","/tp @s 256 112 111","derived bounds center","true","bounds","x[240…271] y[104…119] z[100…122]","","wft_973d0b3bc3bea76f02f5eae4"
"Route / station infrastructure","Town Expansion R1","TE-OBS-ESTATE-SOUTH-COURT","Te Obs Estate South Court","custom","complete","205, 110, 198","/tp @s 205 110 198","derived bounds center","true","bounds","x[178…232] y[103…116] z[177…218]","","wft_4e4d26e28a5099f4a641a480"
"Route / station infrastructure","Town Expansion R1","TE-OBS-NIGHT-SKY-TERRACE","Te Obs Night Sky Terrace","custom","complete","205, 120, 123","/tp @s 205 120 123","derived bounds center","true","bounds","x[175…235] y[117…122] z[110…136]","","wft_87b1e5a65c3a1b20d990db1c"
"Route / station infrastructure","Town Expansion R1","TE-OBS-RETAINED-CROWN","Te Obs Retained Crown","custom","complete","206, 144, 151","/tp @s 206 144 151","derived bounds center","true","bounds","x[188…224] y[137…150] z[141…161]","","wft_cb5690a8cb8702b80881b434"
"Route / station infrastructure","Town Expansion R1","TE-OBS-SHL-EXPANDED","Te Obs Shl Expanded","custom","complete","255, 102, 194","/tp @s 255 102 194","derived bounds center","true","bounds","x[236…274] y[93…111] z[170…218]","","wft_f6503c0c1d1d8b2572ee026b"
"Route / station infrastructure","Town Expansion R1","TE-PAN-RV01","Te Pan Rv01","custom","complete","-662, 86, -371","/tp @s -662 86 -371","derived bounds center","true","bounds","x[-714…-610] y[74…98] z[-453…-289]","","wft_4d2efd74c4b47f9fdef9ae54"
"Route / station infrastructure","Town Expansion R1","TE-PAN-RV01-CLUB","Te Pan Rv01 Club","custom","complete","-494, 84, -337","/tp @s -494 84 -337","derived bounds center","true","bounds","x[-514…-474] y[71…97] z[-357…-318]","","wft_44287b0a2420adc79747fbf4"
"Route / station infrastructure","Town Expansion R1","TE-PAN-RV01-CUSTOMER","Te Pan Rv01 Customer","custom","complete","-586, 89, -431","/tp @s -586 89 -431","derived bounds center","true","bounds","x[-609…-564] y[76…102] z[-451…-411]","","wft_b00535b84e0aa785513427b5"
"Route / station infrastructure","Town Expansion R1","TE-PAN-RV01-DIVE","Te Pan Rv01 Dive","custom","complete","-496, 82, -299","/tp @s -496 82 -299","derived bounds center","true","bounds","x[-514…-479] y[71…92] z[-313…-286]","","wft_abc479d436082e5860355216"
"Route / station infrastructure","Town Expansion R1","TE-PAN-RV01-FUEL","Te Pan Rv01 Fuel","custom","complete","-641, 78, -273","/tp @s -641 78 -273","derived bounds center","true","bounds","x[-666…-616] y[71…84] z[-294…-252]","","wft_b9d080236a99e3b0e4d1aadc"
"Route / station infrastructure","Town Expansion R1","TE-PAN-RV01-REPAIR","Te Pan Rv01 Repair","custom","complete","-605, 87, -345","/tp @s -605 87 -345","derived bounds center","true","bounds","x[-668…-543] y[71…102] z[-379…-311]","","wft_5f514319390a0b950bf7229d"
"Route / station infrastructure","Town Expansion R1","TE-PAN-RV01-ROAD","Te Pan Rv01 Road","custom","complete","-441, 73, -561","/tp @s -441 73 -561","derived bounds center","true","bounds","x[-692…-190] y[68…78] z[-664…-459]","","wft_022ee2512ee24f2e1a0a2aa5"
"Route / station infrastructure","Town Expansion R1","TE-PAN-RV01-SALES","Te Pan Rv01 Sales","custom","complete","-586, 85, -396","/tp @s -586 85 -396","derived bounds center","true","bounds","x[-609…-564] y[74…95] z[-411…-381]","","wft_41c19f495899b71c5252707f"
"Route / station infrastructure","Town Expansion R1","TE-PAN-RV01-TRAVEL","Te Pan Rv01 Travel","custom","complete","-586, 83, -291","/tp @s -586 83 -291","derived bounds center","true","bounds","x[-609…-564] y[71…95] z[-313…-269]","","wft_7ddba744a67a7d17977c97de"
"Route / station infrastructure","Town Expansion R1","TE-PAN-RV29-A","Te Pan Rv29 A","custom","complete","-706, 80, -427","/tp @s -706 80 -427","derived bounds center","true","bounds","x[-708…-704] y[77…83] z[-442…-412]","","wft_d5fdfe9085a9499d1d7eb221"
"Route / station infrastructure","Town Expansion R1","TE-PAN-RV29-B","Te Pan Rv29 B","custom","complete","-694, 80, -427","/tp @s -694 80 -427","derived bounds center","true","bounds","x[-696…-692] y[77…83] z[-442…-412]","","wft_f5a0461f7cb628151bed9734"
"Route / station infrastructure","Town Expansion R1","TE-PAN-RV29-C","Te Pan Rv29 C","custom","complete","-682, 80, -427","/tp @s -682 80 -427","derived bounds center","true","bounds","x[-684…-680] y[77…83] z[-442…-412]","","wft_280667df573afc6f566ce147"
"Route / station infrastructure","Town Expansion R1","TE-PAN-RV29-D","Te Pan Rv29 D","custom","complete","-670, 80, -427","/tp @s -670 80 -427","derived bounds center","true","bounds","x[-672…-668] y[77…83] z[-442…-412]","","wft_2d0ea9f03a45b92fed239f08"
"Route / station infrastructure","Town Expansion R1","TE-PAN-RV39-A","Te Pan Rv39 A","custom","complete","-706, 82, -383","/tp @s -706 82 -383","derived bounds center","true","bounds","x[-708…-704] y[77…86] z[-403…-363]","","wft_d225d560a96f0ce2df3342fd"
"Route / station infrastructure","Town Expansion R1","TE-PAN-RV39-B","Te Pan Rv39 B","custom","complete","-694, 82, -383","/tp @s -694 82 -383","derived bounds center","true","bounds","x[-696…-692] y[77…86] z[-403…-363]","","wft_08a8c8aba504b18f9057157f"
"Route / station infrastructure","Town Expansion R1","TE-PAN-RV39-C","Te Pan Rv39 C","custom","complete","-682, 82, -383","/tp @s -682 82 -383","derived bounds center","true","bounds","x[-684…-680] y[77…86] z[-403…-363]","","wft_a276a0871622d1d9f0aa9987"
"Route / station infrastructure","Town Expansion R1","TE-PAN-RV39-D","Te Pan Rv39 D","custom","complete","-670, 82, -383","/tp @s -670 82 -383","derived bounds center","true","bounds","x[-672…-668] y[77…86] z[-403…-363]","","wft_f4a5ed78a89ea68c76e11fc0"
"Route / station infrastructure","Town Expansion R1","TE-PAN-RV48-A","Te Pan Rv48 A","custom","complete","-705, 82, -329","/tp @s -705 82 -329","derived bounds center","true","bounds","x[-708…-703] y[77…87] z[-354…-305]","","wft_df7683634d9e276a21999ded"
"Route / station infrastructure","Town Expansion R1","TE-PAN-RV48-B","Te Pan Rv48 B","custom","complete","-692, 82, -329","/tp @s -692 82 -329","derived bounds center","true","bounds","x[-695…-690] y[77…87] z[-354…-305]","","wft_80fa06f5e34590abf6a687bd"
"Route / station infrastructure","Town Expansion R1","TE-PAN-RV48-C","Te Pan Rv48 C","custom","complete","-679, 82, -329","/tp @s -679 82 -329","derived bounds center","true","bounds","x[-682…-677] y[77…87] z[-354…-305]","","wft_dbc92033d76237ed6c2b28b0"
"Route / station infrastructure","Town Expansion R1","TE-PAN-RV48-D","Te Pan Rv48 D","custom","complete","-666, 82, -329","/tp @s -666 82 -329","derived bounds center","true","bounds","x[-669…-664] y[77…87] z[-354…-305]","","wft_6d34daf970a8fe864056f68a"
"Route / station infrastructure","Town Expansion R1","TE-PAV-BUCKINGHAM-FOUNTAIN","Te Pav Buckingham Fountain","custom","complete","85, 74, -470","/tp @s 85 74 -470","derived bounds center","true","bounds","x[70…100] y[66…81] z[-478…-463]","","wft_28de30ac2c6d615765b70702"
"Route / station infrastructure","Town Expansion R1","TE-PAV-CIVIC-MONUMENT","Te Pav Civic Monument","custom","complete","102, 75, -445","/tp @s 102 75 -445","derived bounds center","true","bounds","x[86…117] y[64…85] z[-458…-432]","","wft_3d87d99a2396509182e28e97"
"Route / station infrastructure","Town Expansion R1","TE-PAV-REFLECTING-POOL-NORTH","Te Pav Reflecting Pool North","custom","complete","40, 69, -471","/tp @s 40 69 -471","derived bounds center","true","bounds","x[24…56] y[67…70] z[-480…-462]","","wft_e91f1c3e00f2a2330166de21"
"Route / station infrastructure","Town Expansion R1","TE-PAV-REFLECTING-POOL-SOUTH","Te Pav Reflecting Pool South","custom","complete","40, 69, -413","/tp @s 40 69 -413","derived bounds center","true","bounds","x[24…56] y[67…70] z[-422…-404]","","wft_c110e7e518c19e52b972077e"
"Route / station infrastructure","Town Expansion R1","TE-PAVILION-EAST-CIVIC-GROUNDS","Te Pavilion East Civic Grounds","custom","complete","58, 72, -443","/tp @s 58 72 -443","derived bounds center","true","bounds","x[-6…122] y[67…76] z[-486…-400]","","wft_2426466a4fb2d9f82d5804e6"
"Route / station infrastructure","Town Expansion R1","TE-PENTHOUSE-01","Te Penthouse 01","custom","complete","-85, 93, -381","/tp @s -85 93 -381","derived bounds center","true","bounds","x[-98…-72] y[88…98] z[-390…-373]","","wft_fa4c187dcf54af49e69feb88"
"Route / station infrastructure","Town Expansion R1","TE-RAVENSREACH-MAINSTREET-STAFF-PATH","Te Ravensreach Mainstreet Staff Path","custom","complete","-117, 70, -105","/tp @s -117 70 -105","derived bounds center","true","bounds","x[-155…-80] y[63…77] z[-300…89]","","wft_36ca9e24e55adc39950b34af"
"Route / station infrastructure","Town Expansion R1","TE-RAVENSREACH-WORKFORCE-COURT","Te Ravensreach Workforce Court","custom","complete","-182, 77, -258","/tp @s -182 77 -258","derived bounds center","true","bounds","x[-205…-159] y[74…79] z[-266…-251]","","wft_a8cb4e9716f5a5b196658f37"
"Route / station infrastructure","Town Expansion R1","TE-RAVENSREACH-WORKFORCE-HOUSING-A","Te Ravensreach Workforce Housing A","custom","complete","-182, ~, -278","/tp @s -182 ~ -278","derived bounds center","true","bounds","x[-206…-158] y[60…98] z[-291…-266]","","wft_5cc874e4759444563ada9b1a"
"Route / station infrastructure","Town Expansion R1","TE-RAVENSREACH-WORKFORCE-HOUSING-B-EAST","Te Ravensreach Workforce Housing B East","custom","complete","-170, 74, -238","/tp @s -170 74 -238","derived bounds center","true","bounds","x[-182…-158] y[60…88] z[-251…-226]","","wft_3304a8ef0c78d35e41369e58"
"Route / station infrastructure","Town Expansion R1","TE-RAVENSREACH-WORKFORCE-HOUSING-B-WEST","Te Ravensreach Workforce Housing B West","custom","complete","-194, 75, -238","/tp @s -194 75 -238","derived bounds center","true","bounds","x[-206…-183] y[60…90] z[-251…-226]","","wft_852debbe905d7967061d0715"
"Route / station infrastructure","Town Expansion R1","TE-ROAD-01","Te Road 01","custom","complete","-246, 77, -505","/tp @s -246 77 -505","derived bounds center","true","bounds","x[-348…-144] y[67…86] z[-529…-482]","","wft_965d97d0082f819a5b0824b4"
"Route / station infrastructure","Town Expansion R1","TE-RUSSIAN-TEREM-PAVILION","Te Russian Terem Pavilion","custom","complete","-85, 83, -436","/tp @s -85 83 -436","derived bounds center","true","bounds","x[-106…-64] y[68…97] z[-447…-425]","","wft_2219a6408e1f567416b80789"
"Route / station infrastructure","Town Expansion R1","TE-WESTLIGHT-CRATER-LAKE","Te Westlight Crater Lake","custom","complete","-475, 61, -588","/tp @s -475 61 -588","derived bounds center","true","bounds","x[-520…-430] y[47…74] z[-634…-542]","","wft_459c6a45de60eb70eb368282"
"Route / station infrastructure","Town Expansion R1","TE-WESTLIGHT-FERRIS-WHEEL","Te Westlight Ferris Wheel","custom","complete","-316, ~, -409","/tp @s -316 ~ -409","derived bounds center","true","bounds","x[-340…-292] y[66…108] z[-437…-382]","","wft_9cf7794e3005eaa63d206571"
"Route / station infrastructure","Town Expansion R1","TE-WESTLIGHT-MAIN-PED-MALL","Te Westlight Main Ped Mall","custom","complete","-351, 59, -410","/tp @s -351 59 -410","derived bounds center","true","bounds","x[-435…-268] y[45…73] z[-502…-318]","","wft_540ba2f29a8c5cf6a141d50e"
"Route / station infrastructure","Town Expansion R1","TE-WESTLIGHT-ROLLER-COASTER","Te Westlight Roller Coaster","custom","complete","-397, 82, -411","/tp @s -397 82 -411","derived bounds center","true","bounds","x[-428…-367] y[67…96] z[-440…-382]","","wft_ef1d06f0519a722966c44554"
"Route / station infrastructure","Town Expansion R1","TE-WESTLIGHT-SHRIMP-HOUSE","Te Westlight Shrimp House","custom","complete","-322, 76, -341","/tp @s -322 76 -341","derived bounds center","true","bounds","x[-341…-303] y[67…84] z[-360…-323]","","wft_e6497b78bbfffe3d607feeea"
"Route / station infrastructure","Town Expansion R1","TE-WESTLIGHT-STEAK-HOUSE","Te Westlight Steak House","custom","complete","-387, 76, -341","/tp @s -387 76 -341","derived bounds center","true","bounds","x[-406…-368] y[67…84] z[-360…-323]","","wft_7bea720dfecc8076461c547a"
"Route / station infrastructure","Town Expansion R1","TE-WL-ADVENTURE-EXCHANGE","Te Wl Adventure Exchange","custom","complete","-585, 74, -662","/tp @s -585 74 -662","derived bounds center","true","bounds","x[-610…-560] y[67…80] z[-677…-647]","","wft_0f538237b40f06f294eb0cef"
"Route / station infrastructure","Town Expansion R1","TE-WL-BLUE-DRUM","Te Wl Blue Drum","custom","complete","-373, ~, -569","/tp @s -373 ~ -569","derived bounds center","true","bounds","x[-443…-304] y[18…78] z[-613…-526]","","wft_816a34fed738c0d5d78baff5"
"Route / station infrastructure","Town Expansion R1","TE-WL-CRATER-WEST-GREEN-LINK","Te Wl Crater West Green Link","custom","complete","-506, 71, -600","/tp @s -506 71 -600","derived bounds center","true","bounds","x[-523…-489] y[67…75] z[-653…-548]","","wft_8e83736ab733c6e78069a1f6"
"Route / station infrastructure","Town Expansion R1","TE-WL-HARBORLIGHT","Te Wl Harborlight","custom","complete","-483, 65, -531","/tp @s -483 65 -531","derived bounds center","true","bounds","x[-518…-448] y[65] z[-555…-507]","","wft_13cef55f3a6148801cf93eaa"
"Route / station infrastructure","Town Expansion R1","TE-WL-HL-A","Te Wl Hl A","custom","complete","-501, 78, -530","/tp @s -501 78 -530","derived bounds center","true","bounds","x[-517…-486] y[65…91] z[-548…-513]","","wft_5c975a39e4900aecd2506dfc"
"Route / station infrastructure","Town Expansion R1","TE-WL-HL-A-GARAGE","Te Wl Hl A Garage","custom","complete","-509, 70, -517","/tp @s -509 70 -517","derived bounds center","true","bounds","x[-517…-502] y[65…75] z[-522…-513]","","wft_90c5e0cbb327dd1855013c08"
"Route / station infrastructure","Town Expansion R1","TE-WL-HL-B","Te Wl Hl B","custom","complete","-466, 78, -530","/tp @s -466 78 -530","derived bounds center","true","bounds","x[-483…-449] y[65…91] z[-548…-513]","","wft_3c37563676d7b8718d327a7f"
"Route / station infrastructure","Town Expansion R1","TE-WL-HL-B-GARAGE","Te Wl Hl B Garage","custom","complete","-456, 70, -517","/tp @s -456 70 -517","derived bounds center","true","bounds","x[-464…-449] y[65…75] z[-522…-513]","","wft_8f7a2ee284ed7c44b3af4060"
"Route / station infrastructure","Town Expansion R1","TE-WL-HL-C","Te Wl Hl C","custom","complete","-483, 79, -489","/tp @s -483 79 -489","derived bounds center","true","bounds","x[-517…-449] y[65…93] z[-507…-471]","","wft_7299e87186273b55327ea863"
"Route / station infrastructure","Town Expansion R1","TE-WL-HL-C-GARAGE","Te Wl Hl C Garage","custom","complete","-506, 70, -502","/tp @s -506 70 -502","derived bounds center","true","bounds","x[-517…-496] y[65…74] z[-507…-498]","","wft_058cdfba85111c4f0c58f820"
"Route / station infrastructure","Town Expansion R1","TE-WL-NORTHWIND","Te Wl Northwind","custom","complete","-597, 52, -697","/tp @s -597 52 -697","derived bounds center","true","bounds","x[-671…-523] y[38…65] z[-719…-675]","","wft_55be366a6afe14b7a9e23a98"
"Route / station infrastructure","Town Expansion R1","TE-WL-NORTHWIND-BATH","Te Wl Northwind Bath","custom","complete","-538, 72, -676","/tp @s -538 72 -676","derived bounds center","true","bounds","x[-555…-521] y[64…79] z[-680…-672]","","wft_1d1cf5c0858f81a230aeb3dd"
"Route / station infrastructure","Town Expansion R1","TE-WL-NORTHWIND-PLANT","Te Wl Northwind Plant","custom","complete","-538, 69, -709","/tp @s -538 69 -709","derived bounds center","true","bounds","x[-555…-521] y[64…73] z[-719…-699]","","wft_c7a6b17a9a0df7faabf15c31"
"Route / station infrastructure","Town Expansion R1","TE-WL-NORTHWIND-QUIET","Te Wl Northwind Quiet","custom","complete","-538, 65, -688","/tp @s -538 65 -688","derived bounds center","true","bounds","x[-556…-520] y[63…66] z[-698…-678]","","wft_7ae44b09532c80d0e66c4e49"
"Route / station infrastructure","Town Expansion R1","TE-WL-NORTHWIND-RIVER","Te Wl Northwind River","custom","complete","-614, 65, -697","/tp @s -614 65 -697","derived bounds center","true","bounds","x[-634…-594] y[63…66] z[-713…-682]","","wft_1a236ea095faa56f94f54e13"
"Route / station infrastructure","Town Expansion R1","TE-WL-NORTHWIND-SLIDES","Te Wl Northwind Slides","custom","complete","-574, 78, -684","/tp @s -574 78 -684","derived bounds center","true","bounds","x[-590…-558] y[63…92] z[-713…-655]","","wft_7bbb8773d733daaff936993e"
"Route / station infrastructure","Town Expansion R1","TE-WL-NORTHWIND-WAVE","Te Wl Northwind Wave","custom","complete","-653, 67, -696","/tp @s -653 67 -696","derived bounds center","true","bounds","x[-671…-636] y[63…70] z[-712…-680]","","wft_36a04efc19675659741e822f"
"Route / station infrastructure","Town Expansion R1","TE-WL-PARKWAY-EXTENSION","Te Wl Parkway Extension","custom","complete","-379, 68, -568","/tp @s -379 68 -568","derived bounds center","true","bounds","x[-559…-199] y[67…69] z[-664…-473]","","wft_908cf8e515e8505b1d22d1be"
"Route / station infrastructure","Town Expansion R1","TE-WL-RAVENCREST","Te Wl Ravencrest","custom","complete","-596, 78, -590","/tp @s -596 78 -590","derived bounds center","true","bounds","x[-655…-537] y[67…88] z[-643…-537]","","wft_dfb5d3fdf440e0853b33e40d"
"Route / station infrastructure","Town Expansion R1","TE-WL-RAVENCREST-DARK-RIDE","Te Wl Ravencrest Dark Ride","custom","complete","-620, 81, -561","/tp @s -620 81 -561","derived bounds center","true","bounds","x[-636…-605] y[69…93] z[-581…-541]","","wft_1efbfa7ca4606ac46edd127d"
"Route / station infrastructure","Town Expansion R1","TE-WL-RAVENCREST-EMBER","Te Wl Ravencrest Ember","custom","complete","-641, 85, -610","/tp @s -641 85 -610","derived bounds center","true","bounds","x[-643…-639] y[81…89] z[-631…-589]","","wft_b13951df96c3e044e2baf7bf"
"Route / station infrastructure","Town Expansion R1","TE-WL-RAVENCREST-EVENT","Te Wl Ravencrest Event","custom","complete","-570, 80, -541","/tp @s -570 80 -541","derived bounds center","true","bounds","x[-592…-548] y[76…83] z[-558…-524]","","wft_9cc49f3534ccd8496ab2aa82"
"Route / station infrastructure","Town Expansion R1","TE-WL-RAVENCREST-FAMILY","Te Wl Ravencrest Family","custom","complete","-542, 78, -594","/tp @s -542 78 -594","derived bounds center","true","bounds","x[-551…-533] y[72…84] z[-603…-585]","","wft_8799ae3baa6a83bfdcb10f6c"
"Route / station infrastructure","Town Expansion R1","TE-WL-RAVENCREST-MAINT","Te Wl Ravencrest Maint","custom","complete","-658, 74, -530","/tp @s -658 74 -530","derived bounds center","true","bounds","x[-671…-645] y[63…85] z[-539…-521]","","wft_3f0dfe7e78bb4e51f8aa974c"
"Route / station infrastructure","Town Expansion R1","TE-WL-RAVENCREST-MIDWAY","Te Wl Ravencrest Midway","custom","complete","-587, 79, -594","/tp @s -587 79 -594","derived bounds center","true","bounds","x[-602…-573] y[75…83] z[-620…-568]","","wft_a5dca5671e8d598df383ac0d"
"Route / station infrastructure","Town Expansion R1","TE-WL-RAVENCREST-RIDGE-RUNNER","Te Wl Ravencrest Ridge Runner","custom","complete","-655, ~, -586","/tp @s -655 ~ -586","derived bounds center","true","bounds","x[-671…-639] y[64…116] z[-633…-539]","","wft_18049412392e713bfa3ab3eb"
"Route / station infrastructure","Town Expansion R1","TE-WL-RAVENCREST-SIGNAL","Te Wl Ravencrest Signal","custom","complete","-604, ~, -532","/tp @s -604 ~ -532","derived bounds center","true","bounds","x[-612…-596] y[82…123] z[-540…-524]","","wft_2ff0eb1eab98857b48dbbe32"
"Route / station infrastructure","Town Expansion R1","TE-WL-SKY-BOWL-IDENTITY","Te Wl Sky Bowl Identity","custom","complete","-362, 73, -497","/tp @s -362 73 -497","derived bounds center","true","bounds","x[-378…-347] y[67…78] z[-503…-492]","","wft_a42e893979ceb772567a9980"
"Route / station infrastructure","Town Expansion R1","SCO-L2-SITTING","upper sitting room and linen","room","complete","-60, 76, -239","/tp @s -60 76 -239","derived bounds center","true","bounds","x[-62…-59] y[73…78] z[-244…-234]","Scott House mini-mansion","wft_315a4744f418b0d39ff444f0"
"Route / station infrastructure","Town Expansion R1","SUR-L2-SITTING","upper sitting room and linen","room","complete","-99, 76, -239","/tp @s -99 76 -239","derived bounds center","true","bounds","x[-102…-96] y[73…78] z[-244…-234]","Surveyor House mini-mansion","wft_fca8106f6c2ede0e00329c1c"
"Route / station infrastructure","Westlight District","WD-INN:ROOM:5:beacon-keeper-room","Beacon Inn — Beacon Keeper Room","room","complete","-416, 92, -486","/tp @s -416 92 -486","derived bounds center","true","bounds","x[-419…-413] y[89…95] z[-489…-483]","Beacon Inn","wft_44d7315fd52b5c5b"
"Route / station infrastructure","Westlight District","WD-INN:ROOM:6:beacon-lookout","Beacon Inn — Beacon Lookout","room","complete","-416, 100, -486","/tp @s -416 100 -486","derived bounds center","true","bounds","x[-419…-413] y[97…102] z[-489…-483]","Beacon Inn","wft_57e14dfbbfdf7081"
"Route / station infrastructure","Westlight District","WD-INN:ROOM:2:guest-floor-one","Beacon Inn — Guest Floor One","room","complete","-418, 75, -480","/tp @s -418 75 -480","derived bounds center","true","bounds","x[-427…-409] y[73…76] z[-495…-465]","Beacon Inn","wft_7569848bb852f48e"
"Route / station infrastructure","Westlight District","WD-INN:ROOM:1:lobby","Beacon Inn — Lobby","room","complete","-418, 70, -488","/tp @s -418 70 -488","derived bounds center","true","bounds","x[-427…-409] y[68…71] z[-495…-481]","Beacon Inn","wft_84171a9ab20beeb9"
"Route / station infrastructure","Westlight District","WD-INN:ROOM:4:lower-tower-lounge","Beacon Inn — Lower Tower Lounge","room","complete","-416, 86, -486","/tp @s -416 86 -486","derived bounds center","true","bounds","x[-419…-413] y[84…87] z[-489…-483]","Beacon Inn","wft_2dd36812de49b293"
"Route / station infrastructure","Westlight District","WD-INN:ROOM:3:owner-suite","Beacon Inn — Owner Suite","room","complete","-418, 80, -488","/tp @s -418 80 -488","derived bounds center","true","bounds","x[-427…-409] y[78…82] z[-495…-481]","Beacon Inn","wft_dfa5a54edf76ff19"
"Route / station infrastructure","Westlight District","WD-INN:ROOM:3:private-library","Beacon Inn — Private Library","room","complete","-418, 80, -472","/tp @s -418 80 -472","derived bounds center","true","bounds","x[-427…-409] y[78…82] z[-480…-465]","Beacon Inn","wft_01d5219a4a1ff5de"
"Route / station infrastructure","Westlight District","WD-INN:ROOM:1:taproom","Beacon Inn — Taproom","room","complete","-418, 70, -472","/tp @s -418 70 -472","derived bounds center","true","bounds","x[-427…-409] y[68…71] z[-480…-465]","Beacon Inn","wft_e03684ed5b03dbed"
"Route / station infrastructure","Westlight District","WD-INN:CIRCULATION","Beacon Inn vertical circulation","custom","complete","-418, ~, -480","/tp @s -418 ~ -480","derived bounds center","true","bounds","x[-428…-408] y[67…108] z[-496…-464]","Beacon Inn","wft_c81fc573f75e3d40"
"Route / station infrastructure","Westlight District","WD-FERRY:ROOM:1:ferry-bell-room","Ferry Bell House — Ferry Bell Room","room","complete","-309, 71, -474","/tp @s -309 71 -474","derived bounds center","true","bounds","x[-315…-303] y[68…73] z[-481…-467]","Ferry Bell House","wft_8a43be4fe75cdf7a"
"Route / station infrastructure","Westlight District","WD-FIELD:ROOM:1:field-house-pavilion","Field House pavilion — Field House Pavilion","room","complete","-394, 71, -493","/tp @s -394 71 -493","derived bounds center","true","bounds","x[-401…-387] y[68…73] z[-501…-485]","Field House pavilion","wft_c1ba8bcd002e7e41"
"Route / station infrastructure","Westlight District","WD-GATEHEAD:ROOM:2:district-office","Gatehead House — District Office","room","complete","-327, 76, -488","/tp @s -327 76 -488","derived bounds center","true","bounds","x[-333…-321] y[73…78] z[-491…-485]","Gatehead House","wft_dd133f35aaa434da"
"Route / station infrastructure","Westlight District","WD-GATEHEAD:ROOM:1:map-library","Gatehead House — Map Library","room","complete","-327, 70, -480","/tp @s -327 70 -480","derived bounds center","true","bounds","x[-333…-321] y[68…71] z[-484…-477]","Gatehead House","wft_eddd5a1d22dd6ebe"
"Route / station infrastructure","Westlight District","WD-GATEHEAD:ROOM:2:planning-room","Gatehead House — Planning Room","room","complete","-327, 76, -480","/tp @s -327 76 -480","derived bounds center","true","bounds","x[-333…-321] y[73…78] z[-484…-477]","Gatehead House","wft_ddb492f5513a5055"
"Route / station infrastructure","Westlight District","WD-GATEHEAD:ROOM:1:visitor-reception","Gatehead House — Visitor Reception","room","complete","-327, 70, -488","/tp @s -327 70 -488","derived bounds center","true","bounds","x[-333…-321] y[68…71] z[-491…-485]","Gatehead House","wft_80e7aac79c9367e9"
"Route / station infrastructure","Westlight District","WD-GATEHEAD:CIRCULATION","Gatehead House vertical circulation","custom","complete","-327, 75, -484","/tp @s -327 75 -484","derived bounds center","true","bounds","x[-334…-320] y[67…83] z[-492…-476]","Gatehead House","wft_338ec340ee3d6085"
"Route / station infrastructure","Westlight District","WD-SHOP-A:ROOM:2:cartographer-apartment","High Street shop A — Cartographer Apartment","room","complete","-400, 76, -459","/tp @s -400 76 -459","derived bounds center","true","bounds","x[-403…-398] y[73…78] z[-469…-449]","High Street shop A","wft_1577a44afc3f4854"
"Route / station infrastructure","Westlight District","WD-SHOP-A:ROOM:1:cartographer-shop","High Street shop A — Cartographer Shop","room","complete","-400, 70, -459","/tp @s -400 70 -459","derived bounds center","true","bounds","x[-403…-398] y[68…71] z[-469…-449]","High Street shop A","wft_0b6ccb4762b5982f"
"Route / station infrastructure","Westlight District","WD-SHOP-A:CIRCULATION","High Street shop A vertical circulation","custom","complete","-400, 75, -459","/tp @s -400 75 -459","derived bounds center","true","bounds","x[-404…-397] y[67…82] z[-470…-448]","High Street shop A","wft_fd379cb2d34f4e00"
"Route / station infrastructure","Westlight District","WD-SHOP-B:ROOM:2:stoneworker-apartment","High Street shop B — Stoneworker Apartment","room","complete","-393, 76, -459","/tp @s -393 76 -459","derived bounds center","true","bounds","x[-395…-391] y[73…78] z[-469…-449]","High Street shop B","wft_d8b4baf98cd5e9da"
"Route / station infrastructure","Westlight District","WD-SHOP-B:ROOM:1:stoneworker-shop","High Street shop B — Stoneworker Shop","room","complete","-393, 70, -459","/tp @s -393 70 -459","derived bounds center","true","bounds","x[-395…-391] y[68…71] z[-469…-449]","High Street shop B","wft_bfde24b5f35bb973"
"Route / station infrastructure","Westlight District","WD-SHOP-B:CIRCULATION","High Street shop B vertical circulation","custom","complete","-393, 75, -459","/tp @s -393 75 -459","derived bounds center","true","bounds","x[-396…-390] y[67…83] z[-470…-448]","High Street shop B","wft_7cb7570a67afb58c"
"Route / station infrastructure","Westlight District","WD-SHOP-C:ROOM:2:textile-apartment","High Street shop C — Textile Apartment","room","complete","-386, 76, -459","/tp @s -386 76 -459","derived bounds center","true","bounds","x[-388…-384] y[73…78] z[-469…-449]","High Street shop C","wft_90aad55a6cc14239"
"Route / station infrastructure","Westlight District","WD-SHOP-C:ROOM:1:textile-shop","High Street shop C — Textile Shop","room","complete","-386, 70, -459","/tp @s -386 70 -459","derived bounds center","true","bounds","x[-388…-384] y[68…71] z[-469…-449]","High Street shop C","wft_015d51a1148a101e"
"Route / station infrastructure","Westlight District","WD-SHOP-C:CIRCULATION","High Street shop C vertical circulation","custom","complete","-386, 76, -459","/tp @s -386 76 -459","derived bounds center","true","bounds","x[-389…-383] y[67…84] z[-470…-448]","High Street shop C","wft_24fcc64d1bb432b3"
"Route / station infrastructure","Westlight District","WD-SHOP-D:ROOM:2:smith-apartment","High Street shop D — Smith Apartment","room","complete","-379, 76, -459","/tp @s -379 76 -459","derived bounds center","true","bounds","x[-381…-378] y[73…78] z[-469…-449]","High Street shop D","wft_649ce92195add9ba"
"Route / station infrastructure","Westlight District","WD-SHOP-D:ROOM:1:smithy-shop","High Street shop D — Smithy Shop","room","complete","-379, 70, -459","/tp @s -379 70 -459","derived bounds center","true","bounds","x[-381…-378] y[68…71] z[-469…-449]","High Street shop D","wft_690ed2b1f4d42788"
"Route / station infrastructure","Westlight District","WD-SHOP-D:CIRCULATION","High Street shop D vertical circulation","custom","complete","-379, 75, -459","/tp @s -379 75 -459","derived bounds center","true","bounds","x[-382…-377] y[67…82] z[-470…-448]","High Street shop D","wft_fc9fc210faee4728"
"Route / station infrastructure","Westlight District","WD-SHOP-E:ROOM:2:provisioner-apartment","High Street shop E — Provisioner Apartment","room","complete","-369, 76, -459","/tp @s -369 76 -459","derived bounds center","true","bounds","x[-372…-367] y[73…78] z[-469…-449]","High Street shop E","wft_eea915ec3a43ca51"
"Route / station infrastructure","Westlight District","WD-SHOP-E:ROOM:1:provisioner-shop","High Street shop E — Provisioner Shop","room","complete","-369, 70, -459","/tp @s -369 70 -459","derived bounds center","true","bounds","x[-372…-367] y[68…71] z[-469…-449]","High Street shop E","wft_51692984d7b0adce"
"Route / station infrastructure","Westlight District","WD-SHOP-E:CIRCULATION","High Street shop E vertical circulation","custom","complete","-369, 75, -459","/tp @s -369 75 -459","derived bounds center","true","bounds","x[-373…-366] y[67…83] z[-470…-448]","High Street shop E","wft_2e5dc5f4f89c0500"
"Route / station infrastructure","Westlight District","WD-SHOP-F:ROOM:2:fletcher-apartment","High Street shop F — Fletcher Apartment","room","complete","-362, 76, -459","/tp @s -362 76 -459","derived bounds center","true","bounds","x[-364…-360] y[73…78] z[-469…-449]","High Street shop F","wft_02f02b92a8dfab53"
"Route / station infrastructure","Westlight District","WD-SHOP-F:ROOM:1:fletcher-shop","High Street shop F — Fletcher Shop","room","complete","-362, 70, -459","/tp @s -362 70 -459","derived bounds center","true","bounds","x[-364…-360] y[68…71] z[-469…-449]","High Street shop F","wft_6a31bda389dd108c"
"Route / station infrastructure","Westlight District","WD-SHOP-F:CIRCULATION","High Street shop F vertical circulation","custom","complete","-362, 76, -459","/tp @s -362 76 -459","derived bounds center","true","bounds","x[-365…-359] y[67…84] z[-470…-448]","High Street shop F","wft_0d2c5c57009862dc"
"Route / station infrastructure","Westlight District","WD-SHOP-G:ROOM:1:craft-shop","High Street shop G — Craft Shop","room","complete","-355, 70, -459","/tp @s -355 70 -459","derived bounds center","true","bounds","x[-357…-354] y[68…71] z[-469…-449]","High Street shop G","wft_c5432473b41f8654"
"Route / station infrastructure","Westlight District","WD-SHOP-G:ROOM:2:craftworker-apartment","High Street shop G — Craftworker Apartment","room","complete","-355, 76, -459","/tp @s -355 76 -459","derived bounds center","true","bounds","x[-357…-354] y[73…78] z[-469…-449]","High Street shop G","wft_77ddf425d8bfdd54"
"Route / station infrastructure","Westlight District","WD-SHOP-G:CIRCULATION","High Street shop G vertical circulation","custom","complete","-355, 75, -459","/tp @s -355 75 -459","derived bounds center","true","bounds","x[-358…-353] y[67…82] z[-470…-448]","High Street shop G","wft_47b222886554cdf0"
"Route / station infrastructure","Westlight District","WD-LANTERN:ROOM:1:lantern-hall","Lantern Hall — Lantern Hall","room","complete","-326, 71, -507","/tp @s -326 71 -507","derived bounds center","true","bounds","x[-333…-319] y[68…73] z[-513…-501]","Lantern Hall","wft_2b0422897fce102d"
"Route / station infrastructure","Westlight District","WD-BREW:ROOM:1:brewhouse","Malt & Lantern brew-barn — Brewhouse","room","complete","-333, 70, -457","/tp @s -333 70 -457","derived bounds center","true","bounds","x[-339…-327] y[68…71] z[-467…-447]","Malt & Lantern brew-barn","wft_9a988fe4c8112802"
"Route / station infrastructure","Westlight District","WD-BREW:ROOM:2:music-loft","Malt & Lantern brew-barn — Music Loft","room","complete","-345, 76, -457","/tp @s -345 76 -457","derived bounds center","true","bounds","x[-351…-340] y[73…78] z[-467…-447]","Malt & Lantern brew-barn","wft_0ee911cecbf7580c"
"Route / station infrastructure","Westlight District","WD-BREW:ROOM:2:private-tasting-room","Malt & Lantern brew-barn — Private Tasting Room","room","complete","-333, 76, -457","/tp @s -333 76 -457","derived bounds center","true","bounds","x[-339…-327] y[73…78] z[-467…-447]","Malt & Lantern brew-barn","wft_6802862cdad6d8bc"
"Route / station infrastructure","Westlight District","WD-BREW:ROOM:1:working-taproom","Malt & Lantern brew-barn — Working Taproom","room","complete","-345, 70, -457","/tp @s -345 70 -457","derived bounds center","true","bounds","x[-351…-340] y[68…71] z[-467…-447]","Malt & Lantern brew-barn","wft_4f716f0861939077"
"Route / station infrastructure","Westlight District","WD-BREW:CIRCULATION","Malt & Lantern brew-barn vertical circulation","custom","complete","-339, 76, -457","/tp @s -339 76 -457","derived bounds center","true","bounds","x[-352…-326] y[67…84] z[-468…-446]","Malt & Lantern brew-barn","wft_b1c83ab88c63ecf9"
"Route / station infrastructure","Westlight District","WD-SKIFF:ROOM:1:skiff-house-workshop","Skiff House — Skiff House Workshop","room","complete","-280, 71, -507","/tp @s -280 71 -507","derived bounds center","true","bounds","x[-285…-275] y[68…73] z[-511…-503]","Skiff House","wft_74378d99446138b1"
"Route / station infrastructure","Westlight District","westlight-district:DISTRICT","Westlight District","district","complete","-344, ~, -500","/tp @s -344 ~ -500","derived bounds center","true","bounds","x[-429…-260] y[—] z[-556…-445]","","wft_0f1a5f75b2375802"
"Route / station infrastructure","Westlight Venue","westlight-venue:DISTRICT","Westlight Theatre / Stadium","district","complete","-357, ~, -564","/tp @s -357 ~ -564","derived bounds center","true","bounds","x[-443…-272] y[—] z[-640…-488]","","wft_da88b399b197655e"
"Anomalies / controls","Mainstreet America","DIV-A01","Arrival and Visitor Campus","district","complete","0, ~, 190","/tp @s 0 ~ 190","derived polygon center","true","polygon","x[-135…135] y[62…319] z[75…305] · 10 vertices","MainStreet America campus","wft_bbc65ec34d6c3f2a"
"Anomalies / controls","Mainstreet America","GATE-A01-EAST","Arrival and Visitor Campus — GATE-A01-EAST","custom","complete","135, 64, 168","/tp @s 135 64 168","path start","false","path","x[135] y[64] z[168…176] · 2 waypoints","Arrival and Visitor Campus","wft_72baa956a3028106"
"Anomalies / controls","Mainstreet America","GATE-A01-NORTH","Arrival and Visitor Campus — GATE-A01-NORTH","custom","complete","-6, 64, 75","/tp @s -6 64 75","path start","false","path","x[-6…6] y[64] z[75] · 2 waypoints","Arrival and Visitor Campus","wft_3e0c8b3ce6ddc2c0"
"Anomalies / controls","Mainstreet America","GATE-A01-R02","Arrival and Visitor Campus — GATE-A01-R02","custom","complete","-84, 64, 75","/tp @s -84 64 75","path start","false","path","x[-84…-80] y[64] z[75] · 2 waypoints","Arrival and Visitor Campus","wft_7a083d64e0d46f22"
"Anomalies / controls","Mainstreet America","GATE-A01-R04-WEST","Arrival and Visitor Campus — GATE-A01-R04-WEST","custom","complete","-135, 64, 81","/tp @s -135 64 81","path start","false","path","x[-135] y[64] z[81…87] · 2 waypoints","Arrival and Visitor Campus","wft_b675f3822f7d0c9b"
"Anomalies / controls","Mainstreet America","GATE-A01-SOUTH","Arrival and Visitor Campus — GATE-A01-SOUTH","custom","complete","-10, 64, 305","/tp @s -10 64 305","path start","false","path","x[-10…10] y[64] z[305] · 2 waypoints","Arrival and Visitor Campus","wft_36a3677c25e3eba4"
"Anomalies / controls","Mainstreet America","R5-B02-CULINARY-FORECOURT","B02 culinary public forecourt","landscape","complete","-84, 64, -95","/tp @s -84 64 -95","derived bounds center","true","bounds","x[-87…-81] y[64] z[-98…-92]","Retail & Cooking School","wft_7dd5ca1281a03687"
"Anomalies / controls","Mainstreet America","GATE-C01-EAST-EDGE-ROAD","C01 East Edge Road boundary gate","custom","complete","123, 66, 231","/tp @s 123 66 231","derived bounds center","true","bounds","x[120…125] y[64…67] z[231]","Mountain Surface Operations white picket boundary","wft_04be7e670077b2bb"
"Anomalies / controls","Mainstreet America","PRJ-B02","Culinary Pavilion","district","complete","-112, ~, -95","/tp @s -112 ~ -95","derived polygon center","true","polygon","x[-140…-84] y[62…319] z[-125…-66] · 4 vertices","MainStreet America campus","wft_6b8de6c7f316c466"
"Anomalies / controls","Mainstreet America","GATE-B02-EAST","Culinary Pavilion — GATE-B02-EAST","custom","complete","-84, 64, -98","/tp @s -84 64 -98","path start","false","path","x[-84] y[64] z[-98…-92] · 2 waypoints","Culinary Pavilion","wft_e0a209594020f2a9"
"Anomalies / controls","Mainstreet America","GRID-W2","Design Lab and Maker Commons","district","complete","-112, ~, -22","/tp @s -112 ~ -22","derived polygon center","true","polygon","x[-140…-84] y[62…319] z[-60…15] · 4 vertices","MainStreet America campus","wft_4082023645d6abf9"
"Anomalies / controls","Mainstreet America","GATE-W2-EAST","Design Lab and Maker Commons — GATE-W2-EAST","custom","complete","-84, 64, -27","/tp @s -84 64 -27","path start","false","path","x[-84] y[64] z[-27…-20] · 2 waypoints","Design Lab and Maker Commons","wft_382f44b84e707513"
"Anomalies / controls","Mainstreet America","PRJ-L01","Detention Pond and Ecology Walk","district","complete","190, ~, -250","/tp @s 190 ~ -250","derived polygon center","true","polygon","x[160…220] y[62…319] z[-280…-220] · 4 vertices","MainStreet America campus","wft_6ef2b49cba66ebfc"
"Anomalies / controls","Mainstreet America","GATE-L01-EAST","Detention Pond and Ecology Walk — GATE-L01-EAST","custom","complete","220, 64, -254","/tp @s 220 64 -254","path start","false","path","x[220] y[64] z[-254…-246] · 2 waypoints","Detention Pond and Ecology Walk","wft_3cb24b0c5e36be51"
"Anomalies / controls","Mainstreet America","GATE-L01-WEST","Detention Pond and Ecology Walk — GATE-L01-WEST","custom","complete","160, 64, -252","/tp @s 160 64 -252","path start","false","path","x[160] y[64] z[-252…-248] · 2 waypoints","Detention Pond and Ecology Walk","wft_56f283dd1815927f"
"Anomalies / controls","Mainstreet America","BLK-EM","East Middle Homes","district","complete","44, ~, -33","/tp @s 44 ~ -33","derived polygon center","true","polygon","x[8…80] y[62…319] z[-80…14] · 4 vertices","MainStreet America campus","wft_6dc24eec2dd742b8"
"Anomalies / controls","Mainstreet America","GATE-EM-AVE","East Middle Homes — GATE-EM-AVE","custom","complete","80, 64, -72","/tp @s 80 64 -72","path start","false","path","x[80] y[64] z[-72…-68] · 2 waypoints","East Middle Homes","wft_d4a1e3cfed587eaf"
"Anomalies / controls","Mainstreet America","GATE-EM-H08","East Middle Homes — GATE-EM-H08","custom","complete","8, 64, 3","/tp @s 8 64 3","path start","false","path","x[8] y[64] z[3…7] · 2 waypoints","East Middle Homes","wft_1535d2e5c3d1090b"
"Anomalies / controls","Mainstreet America","GATE-EM-H09","East Middle Homes — GATE-EM-H09","custom","complete","8, 64, -47","/tp @s 8 64 -47","path start","false","path","x[8] y[64] z[-47…-43] · 2 waypoints","East Middle Homes","wft_9dc16b4020c36759"
"Anomalies / controls","Mainstreet America","BLK-EN","East North Homes","district","complete","44, ~, -151","/tp @s 44 ~ -151","derived polygon center","true","polygon","x[8…80] y[62…319] z[-216…-86] · 4 vertices","MainStreet America campus","wft_2be3edb9604fe617"
"Anomalies / controls","Mainstreet America","GATE-EN-AVE","East North Homes — GATE-EN-AVE","custom","complete","80, 64, -172","/tp @s 80 64 -172","path start","false","path","x[80] y[64] z[-172…-168] · 2 waypoints","East North Homes","wft_51c648ad6486ba13"
"Anomalies / controls","Mainstreet America","GATE-EN-H10","East North Homes — GATE-EN-H10","custom","complete","8, 64, -97","/tp @s 8 64 -97","path start","false","path","x[8] y[64] z[-97…-93] · 2 waypoints","East North Homes","wft_19840633e703db3d"
"Anomalies / controls","Mainstreet America","GATE-EN-H11","East North Homes — GATE-EN-H11","custom","complete","8, 64, -147","/tp @s 8 64 -147","path start","false","path","x[8] y[64] z[-147…-143] · 2 waypoints","East North Homes","wft_6e71ae081abd692b"
"Anomalies / controls","Mainstreet America","GATE-EN-H12","East North Homes — GATE-EN-H12","custom","complete","8, 64, -197","/tp @s 8 64 -197","path start","false","path","x[8] y[64] z[-197…-193] · 2 waypoints","East North Homes","wft_6b22a6616b0181a2"
"Anomalies / controls","Mainstreet America","BLK-ES","East South Homes","district","complete","44, ~, 48","/tp @s 44 ~ 48","derived polygon center","true","polygon","x[8…80] y[62…319] z[20…76] · 4 vertices","MainStreet America campus","wft_bbb9c825705226ce"
"Anomalies / controls","Mainstreet America","GATE-ES-AVE","East South Homes — GATE-ES-AVE","custom","complete","80, 64, 28","/tp @s 80 64 28","path start","false","path","x[80] y[64] z[28…32] · 2 waypoints","East South Homes","wft_d21b1f6ee608bc00"
"Anomalies / controls","Mainstreet America","GATE-ES-MAIN","East South Homes — GATE-ES-MAIN","custom","complete","8, 64, 53","/tp @s 8 64 53","path start","false","path","x[8] y[64] z[53…57] · 2 waypoints","East South Homes","wft_f695a9b8eb1ee9cc"
"Anomalies / controls","Mainstreet America","HELI-S01","Existing mountain heliport","landmark","complete","248, 89, 182","/tp @s 248 89 182","derived bounds center","true","bounds","x[238…257] y[88…89] z[172…191]","Mountain Surface Operations","wft_378e1dbb1a4f9b59"
"Anomalies / controls","Mainstreet America","TRL-S01","Hangar-to-heliport illuminated trail","sidewalk","complete","220, 98, 183","/tp @s 220 98 183","path start","false","path","x[220…237] y[88…98] z[183] · 18 waypoints","Mountain Surface Operations","wft_91d0c34fcf1b03d6"
"Anomalies / controls","Mainstreet America","SITE","MainStreet America campus","property","complete","0, ~, 0","/tp @s 0 ~ 0","derived bounds center","true","bounds","x[-300…300] y[62…319] z[-300…300]","","wft_85f39d7d3d1f5f3c"
"Anomalies / controls","Mainstreet America","DIV-C01-SURFACE","Mountain Surface Operations","district","complete","192, ~, 183","/tp @s 192 ~ 183","derived polygon center","true","polygon","x[90…294] y[62…319] z[135…231] · 4 vertices","MainStreet America campus","wft_9c954c1fd433e49d"
"Anomalies / controls","Mainstreet America","GATE-C01-WEST","Mountain Surface Operations — GATE-C01-WEST","custom","complete","90, 64, 168","/tp @s 90 64 168","path start","false","path","x[90] y[64] z[168…176] · 2 waypoints","Mountain Surface Operations","wft_1e2d089db307f6d0"
"Anomalies / controls","Mainstreet America","GATE-C01-WEST-PUBLIC","Mountain Surface Operations — GATE-C01-WEST-PUBLIC","custom","complete","90, 64, 196","/tp @s 90 64 196","path start","false","path","x[90] y[64] z[196…204] · 2 waypoints","Mountain Surface Operations","wft_1d57fa73989281f9"
"Anomalies / controls","Mainstreet America","HGR-S01","Mountain-integrated surface hangar","building","complete","205, 104, 160","/tp @s 205 104 160","derived bounds center","true","bounds","x[176…234] y[88…120] z[138…181]","Mountain Surface Operations","wft_3a8ec162d3ee15e7"
"Anomalies / controls","Mainstreet America","GRID-E2","Neighborhood Clubhouse and Walled Garden","district","complete","114, ~, -22","/tp @s 114 ~ -22","derived polygon center","true","polygon","x[88…140] y[62…319] z[-60…15] · 4 vertices","MainStreet America campus","wft_569a853476069105"
"Anomalies / controls","Mainstreet America","GATE-E2-WEST","Neighborhood Clubhouse and Walled Garden — GATE-E2-WEST","custom","complete","88, 64, -25","/tp @s 88 64 -25","path start","false","path","x[88] y[64] z[-25…-20] · 2 waypoints","Neighborhood Clubhouse and Walled Garden","wft_c25d32bbb496b0ef"
"Anomalies / controls","Mainstreet America","R8-GATE-R08-EAST-MAIN","R08 east Main Street gate","landmark","complete","8, 66, -126","/tp @s 8 66 -126","derived bounds center","true","bounds","x[8] y[64…67] z[-127…-125]","East North Homes","wft_fba8c374dc0f4aae"
"Anomalies / controls","Mainstreet America","R8-GATE-R08-WEST-MAIN","R08 west Main Street gate","landmark","complete","-8, 66, -126","/tp @s -8 66 -126","derived bounds center","true","bounds","x[-8] y[64…67] z[-127…-125]","West North Homes","wft_d991d2e18f49c664"
"Anomalies / controls","Mainstreet America","PRJ-B03","Service and Warehouse Compound","district","complete","0, ~, -255","/tp @s 0 ~ -255","derived polygon center","true","polygon","x[-30…30] y[62…319] z[-286…-224] · 8 vertices","MainStreet America campus","wft_0b10dbe43b7a2bcb"
"Anomalies / controls","Mainstreet America","GATE-B03-NORTH","Service and Warehouse Compound — GATE-B03-NORTH","custom","complete","-6, 64, -224","/tp @s -6 64 -224","path start","false","path","x[-6…6] y[64] z[-224] · 2 waypoints","Service and Warehouse Compound","wft_ee290c13bfb97e37"
"Anomalies / controls","Mainstreet America","P01-SOUTH-ARRIVAL-CARRIAGE","South gate terraced carriage approach","road","complete","0, 64, 268","/tp @s 0 64 268","path start","false","path","x[0] y[64…78] z[268…305] · 38 waypoints","Visitor parking and Arrival Gardens","wft_6790f441dd344e85"
"Anomalies / controls","Mainstreet America","OFF-S01","Surface hangar dispatch office and overlook","room","complete","201, 110, 156","/tp @s 201 110 156","derived bounds center","true","bounds","x[194…207] y[105…114] z[150…162]","Mountain-integrated surface hangar","wft_c20abbd52888e5c7"
"Anomalies / controls","Mainstreet America","HGR-S01-BAY","Surface hangar main high bay","room","complete","205, 108, 160","/tp @s 205 108 160","derived bounds center","true","bounds","x[177…233] y[98…118] z[139…180]","Mountain-integrated surface hangar","wft_b01f045792d527cd"
"Anomalies / controls","Mainstreet America","BLK-WM","West Middle Homes","district","complete","-44, ~, -33","/tp @s -44 ~ -33","derived polygon center","true","polygon","x[-80…-8] y[62…319] z[-80…14] · 4 vertices","MainStreet America campus","wft_8e48e6722ffd7efc"
"Anomalies / controls","Mainstreet America","GATE-WM-H02","West Middle Homes — GATE-WM-H02","custom","complete","-8, 64, 3","/tp @s -8 64 3","path start","false","path","x[-8] y[64] z[3…7] · 2 waypoints","West Middle Homes","wft_d271db846068641d"
"Anomalies / controls","Mainstreet America","GATE-WM-H03","West Middle Homes — GATE-WM-H03","custom","complete","-8, 64, -47","/tp @s -8 64 -47","path start","false","path","x[-8] y[64] z[-47…-43] · 2 waypoints","West Middle Homes","wft_2c4c1cbc0d6436f2"
"Anomalies / controls","Mainstreet America","GATE-WM-LANE","West Middle Homes — GATE-WM-LANE","custom","complete","-80, 64, -72","/tp @s -80 64 -72","path start","false","path","x[-80] y[64] z[-72…-68] · 2 waypoints","West Middle Homes","wft_4d96a514124fdbac"
"Anomalies / controls","Mainstreet America","BLK-WN","West North Homes","district","complete","-44, ~, -151","/tp @s -44 ~ -151","derived polygon center","true","polygon","x[-80…-8] y[62…319] z[-216…-86] · 4 vertices","MainStreet America campus","wft_0ffbee45e6956afb"
"Anomalies / controls","Mainstreet America","GATE-WN-H04","West North Homes — GATE-WN-H04","custom","complete","-8, 64, -97","/tp @s -8 64 -97","path start","false","path","x[-8] y[64] z[-97…-93] · 2 waypoints","West North Homes","wft_6c6e0e867291062c"
"Anomalies / controls","Mainstreet America","GATE-WN-H05","West North Homes — GATE-WN-H05","custom","complete","-8, 64, -147","/tp @s -8 64 -147","path start","false","path","x[-8] y[64] z[-147…-143] · 2 waypoints","West North Homes","wft_3ae16be053d90535"
"Anomalies / controls","Mainstreet America","GATE-WN-H06","West North Homes — GATE-WN-H06","custom","complete","-8, 64, -197","/tp @s -8 64 -197","path start","false","path","x[-8] y[64] z[-197…-193] · 2 waypoints","West North Homes","wft_758fb1e5d87bebb7"
"Anomalies / controls","Mainstreet America","GATE-WN-LANE","West North Homes — GATE-WN-LANE","custom","complete","-80, 64, -172","/tp @s -80 64 -172","path start","false","path","x[-80] y[64] z[-172…-168] · 2 waypoints","West North Homes","wft_147726cd3d32cd6d"
"Anomalies / controls","Mainstreet America","BLK-WS","West South Homes","district","complete","-44, ~, 48","/tp @s -44 ~ 48","derived polygon center","true","polygon","x[-80…-8] y[62…319] z[20…76] · 4 vertices","MainStreet America campus","wft_d5ab7ff2de52d621"
"Anomalies / controls","Mainstreet America","GATE-WS-LANE","West South Homes — GATE-WS-LANE","custom","complete","-80, 64, 28","/tp @s -80 64 28","path start","false","path","x[-80] y[64] z[28…32] · 2 waypoints","West South Homes","wft_8d5d254a042e376d"
"Anomalies / controls","Mainstreet America","GATE-WS-MAIN","West South Homes — GATE-WS-MAIN","custom","complete","-8, 64, 53","/tp @s -8 64 53","path start","false","path","x[-8] y[64] z[53…57] · 2 waypoints","West South Homes","wft_3c4f79eef03f82e9"
"Anomalies / controls","Mainstreet America","GATE-WS-R02-SOUTH","West South Homes — GATE-WS-R02-SOUTH","custom","complete","-80, 64, 74","/tp @s -80 64 74","path start","false","path","x[-80] y[64] z[74…76] · 2 waypoints","West South Homes","wft_70a778204389e66c"
"Anomalies / controls","Mainstreet America","R4-WF-R02-B02-GATE","WF-R02-B02-GATE route marking","landmark","complete","-83, 64, -95","/tp @s -83 64 -95","path start","false","path","x[-83…-81] y[64] z[-95] · 3 waypoints","MainStreet America campus","wft_f365b7c0e96930f9"
"Anomalies / controls","Mainstreet America","F01","White picket campus fence","fence","removed","0, ~, 0","/tp @s 0 ~ 0","derived polygon center","true","polygon","x[-305…305] y[—] z[-305…305] · 4 vertices","","wft_ccca81db2e6eb377"
"Anomalies / controls","Ravensgate","RG-BELL","Bell-Gate campanile","building","complete","-108, 68, -430","/tp @s -108 68 -430","catalog entrance","false","bounds","x[-110…-106] y[68…109] z[-432…-428]","Ravensgate","wft_14872ec21e1e1e32"
"Anomalies / controls","Ravensgate","RG-BELL:ROOM:3:belfry","Bell-Gate campanile — Belfry","room","complete","-108, 94, -430","/tp @s -108 94 -430","derived bounds center","true","bounds","x[-109…-107] y[91…97] z[-431…-429]","Bell-Gate campanile","wft_5f1e3d74186bcd99"
"Anomalies / controls","Ravensgate","RG-BELL:ROOM:2:bell-keeper-landing","Bell-Gate campanile — Bell-Keeper Landing","room","complete","-108, 85, -430","/tp @s -108 85 -430","derived bounds center","true","bounds","x[-109…-107] y[80…89] z[-431…-429]","Bell-Gate campanile","wft_1f2f669f0a92b9bf"
"Anomalies / controls","Ravensgate","RG-BELL:ROOM:1:gate-hall","Bell-Gate campanile — Gate Hall","room","complete","-108, 74, -430","/tp @s -108 74 -430","derived bounds center","true","bounds","x[-109…-107] y[69…78] z[-431…-429]","Bell-Gate campanile","wft_1ce9a269f3e2ad47"
"Anomalies / controls","Ravensgate","RG-BELL:ROOM:4:lantern-room","Bell-Gate campanile — Lantern Room","room","complete","-108, 102, -430","/tp @s -108 102 -430","derived bounds center","true","bounds","x[-109…-107] y[99…104] z[-431…-429]","Bell-Gate campanile","wft_cb462a024bf0e6f7"
"Anomalies / controls","Ravensgate","RG-BELL:CIRCULATION","Bell-Gate campanile vertical circulation","custom","complete","-108, ~, -430","/tp @s -108 ~ -430","derived bounds center","true","bounds","x[-110…-106] y[68…109] z[-432…-428]","Bell-Gate campanile","wft_efea05d010d98609"
"Anomalies / controls","Ravensgate","ravensgate:DISTRICT","Ravensgate","district","complete","-106, ~, -491","/tp @s -106 ~ -491","derived bounds center","true","bounds","x[-148…-64] y[—] z[-562…-420]","","wft_e22173ad7c4d1bbb"
"Anomalies / controls","Town Expansion R1","TE-WL-RAVENCREST-GATE","Te Wl Ravencrest Gate","custom","complete","-587, 75, -636","/tp @s -587 75 -636","derived bounds center","true","bounds","x[-609…-565] y[66…83] z[-647…-625]","","wft_256c316e6a4b67710bd85816"
"Candidate parcels","Town Expansion R1","TE-IA-CONCORD-SATELLITE-PAD","Te Ia Concord Satellite Pad","custom","complete","753, 69, -407","/tp @s 753 69 -407","derived bounds center","true","bounds","x[737…769] y[63…75] z[-425…-390]","","wft_df478b58e7af9bd2d4716179"
"Candidate parcels","Town Expansion R1","TE-IA-FUTURE-EXPANSION","Te Ia Future Expansion","custom","complete","878, 85, -245","/tp @s 878 85 -245","derived bounds center","true","bounds","x[805…951] y[82…88] z[-255…-235]","","wft_5a92d67aa0279d1016b6127e"
